,index,date,home_team,away_team,home_score,away_score,Season,result
0,40371,2017-03-22,Germany,England,1.0,0.0,2016-2017,Germany
1,40394,2017-03-24,Austria,Moldova,2.0,0.0,2016-2017,Austria
2,40396,2017-03-24,Croatia,Ukraine,1.0,0.0,2016-2017,Croatia
3,40397,2017-03-24,Georgia,Serbia,1.0,3.0,2016-2017,Serbia
4,40399,2017-03-24,Republic of Ireland,Wales,0.0,0.0,2016-2017,Draw
5,40400,2017-03-24,Italy,Albania,2.0,0.0,2016-2017,Italy
6,40401,2017-03-24,Kosovo,Iceland,1.0,2.0,2016-2017,Iceland
7,40403,2017-03-24,Liechtenstein,North Macedonia,0.0,3.0,2016-2017,North Macedonia
8,40411,2017-03-24,Turkey,Finland,2.0,0.0,2016-2017,Turkey
9,40416,2017-03-25,Bulgaria,Netherlands,2.0,0.0,2016-2017,Bulgaria
10,40417,2017-03-25,Cyprus,Estonia,0.0,0.0,2016-2017,Draw
11,40419,2017-03-25,Luxembourg,France,1.0,3.0,2016-2017,France
12,40421,2017-03-25,Portugal,Hungary,3.0,0.0,2016-2017,Portugal
13,40423,2017-03-25,Sweden,Belarus,4.0,0.0,2016-2017,Sweden
14,40424,2017-03-25,Switzerland,Latvia,1.0,0.0,2016-2017,Switzerland
15,40435,2017-03-26,Northern Ireland,Norway,2.0,0.0,2016-2017,Northern Ireland
16,40436,2017-03-26,Romania,Denmark,0.0,0.0,2016-2017,Draw
17,40438,2017-03-26,Scotland,Slovenia,1.0,0.0,2016-2017,Scotland
18,40443,2017-03-27,Turkey,Moldova,3.0,1.0,2016-2017,Turkey
19,40445,2017-03-28,Albania,Bosnia,1.0,2.0,2016-2017,Bosnia
20,40447,2017-03-28,Austria,Finland,1.0,1.0,2016-2017,Draw
21,40456,2017-03-28,Estonia,Croatia,3.0,0.0,2016-2017,Estonia
22,40457,2017-03-28,France,Spain,0.0,2.0,2016-2017,Spain
23,40458,2017-03-28,Georgia,Latvia,5.0,0.0,2016-2017,Georgia
24,40462,2017-03-28,Republic of Ireland,Iceland,0.0,1.0,2016-2017,Iceland
25,40469,2017-03-28,North Macedonia,Belarus,3.0,0.0,2016-2017,North Macedonia
26,40474,2017-03-28,Netherlands,Italy,1.0,2.0,2016-2017,Italy
27,40480,2017-03-28,Portugal,Sweden,2.0,3.0,2016-2017,Sweden
28,40481,2017-03-28,Russia,Belgium,3.0,3.0,2016-2017,Draw
29,40512,2017-06-01,Switzerland,Belarus,1.0,0.0,2016-2017,Switzerland
30,40519,2017-06-03,Portugal,Cyprus,4.0,0.0,2016-2017,Portugal
31,40525,2017-06-04,Luxembourg,Albania,2.0,1.0,2016-2017,Luxembourg
32,40530,2017-06-05,Belgium,Czechia,2.0,1.0,2016-2017,Belgium
33,40533,2017-06-05,Hungary,Russia,0.0,3.0,2016-2017,Russia
34,40534,2017-06-05,North Macedonia,Turkey,0.0,0.0,2016-2017,Draw
35,40542,2017-06-06,Denmark,Germany,1.0,1.0,2016-2017,Draw
36,40555,2017-06-07,Finland,Liechtenstein,1.0,1.0,2016-2017,Draw
37,40574,2017-06-09,Andorra,Hungary,1.0,0.0,2016-2017,Andorra
38,40576,2017-06-09,Belarus,Bulgaria,2.0,1.0,2016-2017,Belarus
39,40578,2017-06-09,Estonia,Belgium,0.0,2.0,2016-2017,Belgium
40,40581,2017-06-09,Latvia,Portugal,0.0,3.0,2016-2017,Portugal
41,40583,2017-06-09,Netherlands,Luxembourg,5.0,0.0,2016-2017,Netherlands
42,40587,2017-06-09,Sweden,France,2.0,1.0,2016-2017,Sweden
43,40608,2017-06-10,Norway,Czechia,1.0,1.0,2016-2017,Draw
44,40609,2017-06-10,Poland,Romania,3.0,1.0,2016-2017,Poland
45,40610,2017-06-10,Scotland,England,2.0,2.0,2016-2017,Draw
46,40623,2017-06-11,Finland,Ukraine,1.0,2.0,2016-2017,Ukraine
47,40625,2017-06-11,Iceland,Croatia,1.0,0.0,2016-2017,Iceland
48,40626,2017-06-11,Republic of Ireland,Austria,1.0,1.0,2016-2017,Draw
49,40628,2017-06-11,Italy,Liechtenstein,5.0,0.0,2016-2017,Italy
50,40629,2017-06-11,Kosovo,Turkey,1.0,4.0,2016-2017,Turkey
51,40630,2017-06-11,North Macedonia,Spain,1.0,2.0,2016-2017,Spain
52,40632,2017-06-11,Moldova,Georgia,2.0,2.0,2016-2017,Draw
53,40634,2017-06-11,Serbia,Wales,1.0,1.0,2016-2017,Draw
54,40639,2017-06-12,Latvia,Estonia,1.0,2.0,2016-2017,Estonia
55,40647,2017-06-13,France,England,3.0,2.0,2016-2017,France
56,40655,2017-06-13,Norway,Sweden,1.0,1.0,2016-2017,Draw
57,40675,2017-06-21,Russia,Portugal,0.0,1.0,2016-2017,Portugal
58,40804,2017-08-31,Bulgaria,Sweden,3.0,2.0,2016-2017,Bulgaria
59,40807,2017-08-31,Cyprus,Bosnia,3.0,2.0,2016-2017,Cyprus
60,40808,2017-08-31,France,Netherlands,4.0,0.0,2016-2017,France
61,40811,2017-08-31,Hungary,Latvia,3.0,1.0,2016-2017,Hungary
62,40815,2017-08-31,Luxembourg,Belarus,1.0,0.0,2016-2017,Luxembourg
63,40820,2017-08-31,Switzerland,Andorra,3.0,0.0,2016-2017,Switzerland
64,40828,2017-09-01,Czechia,Germany,1.0,2.0,2016-2017,Germany
65,40829,2017-09-01,Denmark,Poland,4.0,0.0,2016-2017,Denmark
66,40839,2017-09-01,Romania,Armenia,1.0,0.0,2016-2017,Romania
67,40841,2017-09-01,Slovakia,Slovenia,1.0,0.0,2016-2017,Slovakia
68,40845,2017-09-02,Albania,Liechtenstein,2.0,0.0,2016-2017,Albania
69,40847,2017-09-02,Croatia,Kosovo,1.0,0.0,2016-2017,Croatia
70,40848,2017-09-02,Finland,Iceland,1.0,0.0,2016-2017,Finland
71,40850,2017-09-02,Georgia,Republic of Ireland,1.0,1.0,2016-2017,Draw
72,40855,2017-09-02,Serbia,Moldova,3.0,0.0,2016-2017,Serbia
73,40856,2017-09-02,Spain,Italy,3.0,0.0,2016-2017,Spain
74,40857,2017-09-02,Ukraine,Turkey,2.0,0.0,2016-2017,Ukraine
75,40858,2017-09-02,Wales,Austria,1.0,0.0,2016-2017,Wales
76,40860,2017-09-03,Belarus,Sweden,0.0,4.0,2016-2017,Sweden
77,40862,2017-09-03,Estonia,Cyprus,1.0,0.0,2016-2017,Estonia
78,40864,2017-09-03,France,Luxembourg,0.0,0.0,2016-2017,Draw
79,40867,2017-09-03,Hungary,Portugal,0.0,1.0,2016-2017,Portugal
80,40868,2017-09-03,Latvia,Switzerland,0.0,3.0,2016-2017,Switzerland
81,40869,2017-09-03,Netherlands,Bulgaria,3.0,1.0,2016-2017,Netherlands
82,40870,2017-09-04,Armenia,Denmark,1.0,4.0,2016-2017,Denmark
83,40873,2017-09-04,England,Slovakia,2.0,1.0,2016-2017,England
84,40874,2017-09-04,Germany,Norway,6.0,0.0,2016-2017,Germany
85,40878,2017-09-04,Northern Ireland,Czechia,2.0,0.0,2016-2017,Northern Ireland
86,40885,2017-09-05,Austria,Georgia,1.0,1.0,2016-2017,Draw
87,40898,2017-09-05,Iceland,Ukraine,2.0,0.0,2016-2017,Iceland
88,40901,2017-09-05,Republic of Ireland,Serbia,0.0,1.0,2016-2017,Serbia
89,40906,2017-09-05,Kosovo,Finland,0.0,1.0,2016-2017,Finland
90,40907,2017-09-05,Liechtenstein,Spain,0.0,8.0,2016-2017,Spain
91,40909,2017-09-05,North Macedonia,Albania,1.0,1.0,2016-2017,Draw
92,40913,2017-09-05,Moldova,Wales,0.0,2.0,2016-2017,Wales
93,40924,2017-09-05,Turkey,Croatia,1.0,0.0,2016-2017,Turkey
94,40928,2017-10-05,Armenia,Poland,1.0,6.0,2016-2017,Poland
95,40934,2017-10-05,England,Slovenia,1.0,0.0,2016-2017,England
96,40940,2017-10-05,Northern Ireland,Germany,1.0,3.0,2016-2017,Germany
97,40944,2017-10-05,Scotland,Slovakia,1.0,0.0,2016-2017,Scotland
98,40948,2017-10-06,Austria,Serbia,3.0,2.0,2016-2017,Austria
99,40949,2017-10-06,Croatia,Finland,1.0,1.0,2016-2017,Draw
100,40950,2017-10-06,Georgia,Wales,0.0,1.0,2016-2017,Wales
101,40951,2017-10-06,Republic of Ireland,Moldova,2.0,0.0,2016-2017,Republic of Ireland
102,40952,2017-10-06,Italy,North Macedonia,1.0,1.0,2016-2017,Draw
103,40954,2017-10-06,Kosovo,Ukraine,0.0,2.0,2016-2017,Ukraine
104,40959,2017-10-06,Spain,Albania,3.0,0.0,2016-2017,Spain
105,40960,2017-10-06,Turkey,Iceland,0.0,3.0,2016-2017,Iceland
106,40962,2017-10-07,Andorra,Portugal,0.0,2.0,2016-2017,Portugal
107,40963,2017-10-07,Belarus,Netherlands,1.0,3.0,2016-2017,Netherlands
108,40964,2017-10-07,Bosnia,Belgium,3.0,4.0,2016-2017,Belgium
109,40965,2017-10-07,Bulgaria,France,0.0,1.0,2016-2017,France
110,40980,2017-10-07,Sweden,Luxembourg,8.0,0.0,2016-2017,Sweden
111,40981,2017-10-07,Switzerland,Hungary,5.0,2.0,2016-2017,Switzerland
112,40985,2017-10-08,Denmark,Romania,1.0,1.0,2016-2017,Draw
113,40991,2017-10-08,Norway,Northern Ireland,1.0,0.0,2016-2017,Norway
114,40994,2017-10-08,Slovenia,Scotland,2.0,2.0,2016-2017,Draw
115,40996,2017-10-09,Albania,Italy,0.0,1.0,2016-2017,Italy
116,40998,2017-10-09,Finland,Turkey,2.0,2.0,2016-2017,Draw
117,40999,2017-10-09,Iceland,Kosovo,2.0,0.0,2016-2017,Iceland
118,41001,2017-10-09,North Macedonia,Liechtenstein,4.0,0.0,2016-2017,North Macedonia
119,41002,2017-10-09,Moldova,Austria,0.0,1.0,2016-2017,Austria
120,41003,2017-10-09,Serbia,Georgia,1.0,0.0,2016-2017,Serbia
121,41004,2017-10-09,Ukraine,Croatia,0.0,2.0,2016-2017,Croatia
122,41005,2017-10-09,Wales,Republic of Ireland,0.0,1.0,2016-2017,Republic of Ireland
123,41008,2017-10-10,Belgium,Cyprus,4.0,0.0,2016-2017,Belgium
124,41013,2017-10-10,Estonia,Bosnia,1.0,2.0,2016-2017,Bosnia
125,41014,2017-10-10,France,Belarus,2.0,1.0,2016-2017,France
126,41021,2017-10-10,Latvia,Andorra,4.0,0.0,2016-2017,Latvia
127,41023,2017-10-10,Luxembourg,Bulgaria,1.0,1.0,2016-2017,Draw
128,41025,2017-10-10,Netherlands,Sweden,2.0,0.0,2016-2017,Netherlands
129,41030,2017-10-10,Portugal,Switzerland,2.0,0.0,2016-2017,Portugal
130,41045,2017-11-08,Iceland,Czechia,1.0,2.0,2016-2017,Czechia
131,41047,2017-11-09,Armenia,Belarus,4.0,1.0,2016-2017,Armenia
132,41050,2017-11-09,Finland,Estonia,3.0,0.0,2016-2017,Finland
133,41053,2017-11-09,Luxembourg,Hungary,2.0,1.0,2016-2017,Luxembourg
134,41054,2017-11-09,Northern Ireland,Switzerland,0.0,1.0,2016-2017,Switzerland
135,41055,2017-11-09,Romania,Turkey,2.0,0.0,2016-2017,Romania
136,41056,2017-11-09,Scotland,Netherlands,0.0,1.0,2016-2017,Netherlands
137,41061,2017-11-10,England,Germany,0.0,0.0,2016-2017,Draw
138,41062,2017-11-10,France,Wales,2.0,0.0,2016-2017,France
139,41063,2017-11-10,Georgia,Cyprus,1.0,0.0,2016-2017,Georgia
140,41071,2017-11-10,Sweden,Italy,1.0,0.0,2016-2017,Sweden
141,41072,2017-11-10,Ukraine,Slovakia,2.0,1.0,2016-2017,Ukraine
142,41075,2017-11-11,Denmark,Republic of Ireland,0.0,0.0,2016-2017,Draw
143,41079,2017-11-11,North Macedonia,Norway,2.0,0.0,2016-2017,North Macedonia
144,41094,2017-11-12,Switzerland,Northern Ireland,0.0,0.0,2016-2017,Draw
145,41096,2017-11-13,Armenia,Cyprus,3.0,2.0,2016-2017,Armenia
146,41098,2017-11-13,Georgia,Belarus,2.0,2.0,2016-2017,Draw
147,41101,2017-11-13,Italy,Sweden,0.0,0.0,2016-2017,Draw
148,41102,2017-11-13,Kosovo,Latvia,4.0,3.0,2016-2017,Kosovo
149,41105,2017-11-13,Turkey,Albania,2.0,3.0,2016-2017,Albania
150,41116,2017-11-14,Germany,France,2.0,2.0,2016-2017,Draw
151,41120,2017-11-14,Republic of Ireland,Denmark,1.0,5.0,2016-2017,Denmark
152,41127,2017-11-14,Romania,Netherlands,0.0,3.0,2016-2017,Netherlands
153,41128,2017-11-14,Russia,Spain,3.0,3.0,2016-2017,Draw
154,41131,2017-11-14,Slovakia,Norway,1.0,0.0,2016-2017,Slovakia
155,41215,2018-01-07,Estonia,Sweden,1.0,1.0,2017-2018,Draw
156,41216,2018-01-11,Denmark,Sweden,0.0,1.0,2017-2018,Sweden
157,41230,2018-03-21,Andorra,Liechtenstein,1.0,0.0,2017-2018,Andorra
158,41255,2018-03-23,Austria,Slovenia,3.0,0.0,2017-2018,Austria
159,41257,2018-03-23,Bulgaria,Bosnia,0.0,1.0,2017-2018,Bosnia
160,41260,2018-03-23,Finland,North Macedonia,0.0,0.0,2017-2018,Draw
161,41263,2018-03-23,Germany,Spain,1.0,1.0,2017-2018,Draw
162,41270,2018-03-23,Netherlands,England,0.0,1.0,2017-2018,England
163,41281,2018-03-23,Turkey,Republic of Ireland,1.0,0.0,2017-2018,Turkey
164,41285,2018-03-24,Armenia,Estonia,0.0,0.0,2017-2018,Draw
165,41311,2018-03-26,Albania,Norway,0.0,1.0,2017-2018,Norway
166,41316,2018-03-26,Portugal,Netherlands,0.0,3.0,2017-2018,Netherlands
167,41329,2018-03-27,England,Italy,1.0,1.0,2017-2018,Draw
168,41330,2018-03-27,Georgia,Estonia,2.0,0.0,2017-2018,Georgia
169,41333,2018-03-27,Hungary,Scotland,0.0,1.0,2017-2018,Scotland
170,41341,2018-03-27,Luxembourg,Austria,0.0,4.0,2017-2018,Austria
171,41353,2018-03-27,Romania,Sweden,1.0,0.0,2017-2018,Romania
172,41354,2018-03-27,Russia,France,1.0,3.0,2017-2018,France
173,41357,2018-03-27,Slovenia,Belarus,0.0,2.0,2017-2018,Belarus
174,41397,2018-05-28,France,Republic of Ireland,2.0,0.0,2017-2018,France
175,41405,2018-05-29,Albania,Kosovo,0.0,3.0,2017-2018,Kosovo
176,41414,2018-05-30,Austria,Russia,1.0,0.0,2017-2018,Austria
177,41423,2018-05-31,Slovakia,Netherlands,1.0,1.0,2017-2018,Draw
178,41432,2018-06-01,France,Italy,3.0,1.0,2017-2018,France
179,41447,2018-06-02,Sweden,Denmark,0.0,0.0,2017-2018,Draw
180,41449,2018-06-02,Belgium,Portugal,0.0,0.0,2017-2018,Draw
181,41450,2018-06-02,Austria,Germany,2.0,1.0,2017-2018,Austria
182,41452,2018-06-02,Iceland,Norway,2.0,3.0,2017-2018,Norway
183,41455,2018-06-02,Latvia,Estonia,1.0,0.0,2017-2018,Latvia
184,41465,2018-06-03,Albania,Ukraine,1.0,4.0,2017-2018,Ukraine
185,41467,2018-06-03,Spain,Switzerland,1.0,1.0,2017-2018,Draw
186,41482,2018-06-04,Italy,Netherlands,1.0,1.0,2017-2018,Draw
187,41485,2018-06-04,Armenia,Moldova,0.0,0.0,2017-2018,Draw
188,41487,2018-06-05,Russia,Turkey,1.0,1.0,2017-2018,Draw
189,41488,2018-06-05,Romania,Finland,2.0,0.0,2017-2018,Romania
190,41489,2018-06-05,Luxembourg,Georgia,1.0,0.0,2017-2018,Luxembourg
191,41506,2018-06-06,Belarus,Hungary,1.0,1.0,2017-2018,Draw
192,41538,2018-06-09,Finland,Belarus,2.0,0.0,2017-2018,Finland
193,41557,2018-06-15,Portugal,Spain,3.0,3.0,2017-2018,Draw
194,41579,2018-06-22,Serbia,Switzerland,1.0,2.0,2017-2018,Switzerland
195,41582,2018-06-23,Germany,Sweden,2.0,1.0,2017-2018,Germany
196,41591,2018-06-26,Denmark,France,0.0,0.0,2017-2018,Draw
197,41593,2018-06-26,Iceland,Croatia,1.0,2.0,2017-2018,Croatia
198,41601,2018-06-28,England,Belgium,0.0,1.0,2017-2018,Belgium
199,41604,2018-07-01,Russia,Spain,1.0,1.0,2017-2018,Draw
200,41605,2018-07-01,Croatia,Denmark,1.0,1.0,2017-2018,Draw
201,41608,2018-07-03,Sweden,Switzerland,1.0,0.0,2017-2018,Sweden
202,41613,2018-07-07,Sweden,England,0.0,2.0,2017-2018,England
203,41614,2018-07-07,Russia,Croatia,2.0,2.0,2017-2018,Draw
204,41615,2018-07-10,France,Belgium,1.0,0.0,2017-2018,France
205,41616,2018-07-11,Croatia,England,2.0,1.0,2017-2018,Croatia
206,41617,2018-07-14,Belgium,England,2.0,0.0,2017-2018,Belgium
207,41618,2018-07-15,France,Croatia,4.0,2.0,2017-2018,France
208,41644,2018-09-05,Slovakia,Denmark,3.0,0.0,2017-2018,Slovakia
209,41646,2018-09-06,Germany,France,0.0,0.0,2017-2018,Draw
210,41647,2018-09-06,Czechia,Ukraine,1.0,2.0,2017-2018,Ukraine
211,41648,2018-09-06,Wales,Republic of Ireland,4.0,1.0,2017-2018,Wales
212,41649,2018-09-06,Norway,Cyprus,2.0,0.0,2017-2018,Norway
213,41650,2018-09-06,Slovenia,Bulgaria,1.0,2.0,2017-2018,Bulgaria
214,41652,2018-09-06,Latvia,Andorra,0.0,0.0,2017-2018,Draw
215,41653,2018-09-06,Armenia,Liechtenstein,2.0,1.0,2017-2018,Armenia
216,41655,2018-09-06,Austria,Sweden,2.0,0.0,2017-2018,Austria
217,41660,2018-09-06,Portugal,Croatia,1.0,1.0,2017-2018,Draw
218,41669,2018-09-07,Italy,Poland,1.0,1.0,2017-2018,Draw
219,41670,2018-09-07,Turkey,Russia,1.0,2.0,2017-2018,Russia
220,41682,2018-09-07,Scotland,Belgium,0.0,4.0,2017-2018,Belgium
221,41690,2018-09-08,Switzerland,Iceland,6.0,0.0,2017-2018,Switzerland
222,41691,2018-09-08,England,Spain,1.0,2.0,2017-2018,Spain
223,41692,2018-09-08,Northern Ireland,Bosnia,1.0,2.0,2017-2018,Bosnia
224,41693,2018-09-08,Finland,Hungary,1.0,0.0,2017-2018,Finland
225,41696,2018-09-08,Luxembourg,Moldova,4.0,0.0,2017-2018,Luxembourg
226,41716,2018-09-09,France,Netherlands,2.0,1.0,2017-2018,France
227,41717,2018-09-09,Ukraine,Slovakia,1.0,0.0,2017-2018,Ukraine
228,41718,2018-09-09,Denmark,Wales,2.0,0.0,2017-2018,Denmark
229,41719,2018-09-09,Bulgaria,Norway,1.0,0.0,2017-2018,Bulgaria
230,41720,2018-09-09,Cyprus,Slovenia,2.0,1.0,2017-2018,Cyprus
231,41721,2018-09-09,Georgia,Latvia,1.0,0.0,2017-2018,Georgia
232,41722,2018-09-09,North Macedonia,Armenia,2.0,0.0,2017-2018,North Macedonia
233,41742,2018-09-10,Portugal,Italy,1.0,0.0,2017-2018,Portugal
234,41743,2018-09-10,Sweden,Turkey,2.0,3.0,2017-2018,Turkey
235,41744,2018-09-10,Scotland,Albania,2.0,0.0,2017-2018,Scotland
236,41746,2018-09-10,Serbia,Romania,2.0,2.0,2017-2018,Draw
237,41754,2018-09-10,Russia,Czechia,5.0,1.0,2017-2018,Russia
238,41758,2018-09-11,Iceland,Belgium,0.0,3.0,2017-2018,Belgium
239,41759,2018-09-11,Spain,Croatia,6.0,0.0,2017-2018,Spain
240,41760,2018-09-11,Bosnia,Austria,1.0,0.0,2017-2018,Bosnia
241,41762,2018-09-11,Finland,Estonia,1.0,0.0,2017-2018,Finland
242,41764,2018-09-11,Moldova,Belarus,0.0,0.0,2017-2018,Draw
243,41767,2018-09-11,England,Switzerland,1.0,0.0,2017-2018,England
244,41778,2018-09-11,Poland,Republic of Ireland,1.0,1.0,2017-2018,Draw
245,41792,2018-10-10,Italy,Ukraine,1.0,1.0,2017-2018,Draw
246,41795,2018-10-11,Poland,Portugal,2.0,3.0,2017-2018,Portugal
247,41796,2018-10-11,Russia,Sweden,0.0,0.0,2017-2018,Draw
248,41804,2018-10-11,France,Iceland,2.0,2.0,2017-2018,Draw
249,41809,2018-10-11,Turkey,Bosnia,0.0,0.0,2017-2018,Draw
250,41811,2018-10-11,Wales,Spain,1.0,4.0,2017-2018,Spain
251,41814,2018-10-12,Belgium,Switzerland,2.0,1.0,2017-2018,Belgium
252,41815,2018-10-12,Croatia,England,0.0,0.0,2017-2018,Draw
253,41816,2018-10-12,Austria,Northern Ireland,1.0,0.0,2017-2018,Austria
254,41817,2018-10-12,Estonia,Finland,0.0,1.0,2017-2018,Finland
255,41819,2018-10-12,Belarus,Luxembourg,1.0,0.0,2017-2018,Belarus
256,41845,2018-10-13,Netherlands,Germany,3.0,0.0,2017-2018,Netherlands
257,41846,2018-10-13,Slovakia,Czechia,1.0,2.0,2017-2018,Czechia
258,41847,2018-10-13,Republic of Ireland,Denmark,0.0,0.0,2017-2018,Draw
259,41848,2018-10-13,Norway,Slovenia,1.0,0.0,2017-2018,Norway
260,41849,2018-10-13,Bulgaria,Cyprus,2.0,1.0,2017-2018,Bulgaria
261,41851,2018-10-13,Georgia,Andorra,3.0,0.0,2017-2018,Georgia
262,41853,2018-10-13,North Macedonia,Liechtenstein,4.0,1.0,2017-2018,North Macedonia
263,41872,2018-10-14,Poland,Italy,0.0,1.0,2017-2018,Italy
264,41873,2018-10-14,Russia,Turkey,2.0,0.0,2017-2018,Russia
265,41875,2018-10-14,Romania,Serbia,0.0,0.0,2017-2018,Draw
266,41879,2018-10-14,Scotland,Portugal,1.0,3.0,2017-2018,Portugal
267,41887,2018-10-15,Iceland,Switzerland,1.0,2.0,2017-2018,Switzerland
268,41888,2018-10-15,Spain,England,2.0,3.0,2017-2018,England
269,41889,2018-10-15,Bosnia,Northern Ireland,2.0,0.0,2017-2018,Bosnia
270,41890,2018-10-15,Estonia,Hungary,3.0,3.0,2017-2018,Draw
271,41893,2018-10-15,Belarus,Moldova,0.0,0.0,2017-2018,Draw
272,41897,2018-10-16,France,Germany,2.0,1.0,2017-2018,France
273,41898,2018-10-16,Ukraine,Czechia,1.0,0.0,2017-2018,Ukraine
274,41899,2018-10-16,Republic of Ireland,Wales,0.0,1.0,2017-2018,Wales
275,41900,2018-10-16,Norway,Bulgaria,1.0,0.0,2017-2018,Norway
276,41901,2018-10-16,Slovenia,Cyprus,1.0,1.0,2017-2018,Draw
277,41903,2018-10-16,Latvia,Georgia,0.0,3.0,2017-2018,Georgia
278,41904,2018-10-16,Armenia,North Macedonia,4.0,0.0,2017-2018,Armenia
279,41907,2018-10-16,Belgium,Netherlands,1.0,1.0,2017-2018,Draw
280,41911,2018-10-16,Denmark,Austria,2.0,0.0,2017-2018,Denmark
281,41920,2018-10-16,Sweden,Slovakia,1.0,1.0,2017-2018,Draw
282,41966,2018-11-15,Belgium,Iceland,2.0,0.0,2017-2018,Belgium
283,41967,2018-11-15,Croatia,Spain,3.0,2.0,2017-2018,Croatia
284,41968,2018-11-15,Austria,Bosnia,0.0,0.0,2017-2018,Draw
285,41969,2018-11-15,Hungary,Estonia,2.0,0.0,2017-2018,Hungary
286,41971,2018-11-15,Andorra,Georgia,1.0,1.0,2017-2018,Draw
287,41973,2018-11-15,Luxembourg,Belarus,0.0,2.0,2017-2018,Belarus
288,41976,2018-11-15,Germany,Russia,3.0,0.0,2017-2018,Germany
289,41980,2018-11-15,Poland,Czechia,0.0,1.0,2017-2018,Czechia
290,41981,2018-11-15,Republic of Ireland,Northern Ireland,0.0,0.0,2017-2018,Draw
291,41983,2018-11-16,Netherlands,France,2.0,0.0,2017-2018,Netherlands
292,41984,2018-11-16,Slovakia,Ukraine,4.0,1.0,2017-2018,Slovakia
293,41985,2018-11-16,Wales,Denmark,1.0,2.0,2017-2018,Denmark
294,41986,2018-11-16,Slovenia,Norway,1.0,1.0,2017-2018,Draw
295,41987,2018-11-16,Cyprus,Bulgaria,1.0,1.0,2017-2018,Draw
296,41989,2018-11-16,Liechtenstein,North Macedonia,0.0,2.0,2017-2018,North Macedonia
297,42010,2018-11-17,Italy,Portugal,0.0,0.0,2017-2018,Draw
298,42011,2018-11-17,Turkey,Sweden,0.0,1.0,2017-2018,Sweden
299,42012,2018-11-17,Albania,Scotland,0.0,4.0,2017-2018,Scotland
300,42034,2018-11-18,Switzerland,Belgium,5.0,2.0,2017-2018,Switzerland
301,42035,2018-11-18,England,Croatia,2.0,1.0,2017-2018,England
302,42036,2018-11-18,Northern Ireland,Austria,1.0,2.0,2017-2018,Austria
303,42038,2018-11-18,Hungary,Finland,2.0,0.0,2017-2018,Hungary
304,42040,2018-11-18,Moldova,Luxembourg,1.0,1.0,2017-2018,Draw
305,42041,2018-11-18,Spain,Bosnia,1.0,0.0,2017-2018,Spain
306,42059,2018-11-19,Germany,Netherlands,2.0,2.0,2017-2018,Draw
307,42060,2018-11-19,Czechia,Slovakia,1.0,0.0,2017-2018,Czechia
308,42061,2018-11-19,Denmark,Republic of Ireland,0.0,0.0,2017-2018,Draw
309,42062,2018-11-19,Bulgaria,Slovenia,1.0,1.0,2017-2018,Draw
310,42063,2018-11-19,Cyprus,Norway,0.0,2.0,2017-2018,Norway
311,42064,2018-11-19,Andorra,Latvia,0.0,0.0,2017-2018,Draw
312,42067,2018-11-19,Liechtenstein,Armenia,2.0,2.0,2017-2018,Draw
313,42072,2018-11-20,Portugal,Poland,1.0,1.0,2017-2018,Draw
314,42073,2018-11-20,Sweden,Russia,2.0,0.0,2017-2018,Sweden
315,42079,2018-11-20,Albania,Wales,1.0,0.0,2017-2018,Albania
316,42099,2018-11-20,Turkey,Ukraine,0.0,0.0,2017-2018,Draw
317,42149,2019-01-08,Finland,Sweden,1.0,0.0,2018-2019,Finland
318,42158,2019-01-11,Estonia,Finland,2.0,1.0,2018-2019,Estonia
319,42159,2019-01-11,Iceland,Sweden,2.0,2.0,2018-2019,Draw
320,42171,2019-01-15,Estonia,Iceland,0.0,0.0,2018-2019,Draw
321,42211,2019-03-20,Germany,Serbia,1.0,1.0,2018-2019,Draw
322,42213,2019-03-21,Kosovo,Denmark,2.0,2.0,2018-2019,Draw
323,42218,2019-03-21,Northern Ireland,Estonia,2.0,0.0,2018-2019,Northern Ireland
324,42219,2019-03-21,Netherlands,Belarus,4.0,0.0,2018-2019,Netherlands
325,42221,2019-03-21,Slovakia,Hungary,2.0,0.0,2018-2019,Slovakia
326,42222,2019-03-21,Austria,Poland,0.0,1.0,2018-2019,Poland
327,42223,2019-03-21,North Macedonia,Latvia,3.0,1.0,2018-2019,North Macedonia
328,42226,2019-03-21,Belgium,Russia,3.0,1.0,2018-2019,Belgium
329,42236,2019-03-22,England,Czechia,5.0,0.0,2018-2019,England
330,42237,2019-03-22,Portugal,Ukraine,0.0,0.0,2018-2019,Draw
331,42239,2019-03-22,Albania,Turkey,0.0,2.0,2018-2019,Turkey
332,42240,2019-03-22,Andorra,Iceland,0.0,2.0,2018-2019,Iceland
333,42241,2019-03-22,Moldova,France,1.0,4.0,2018-2019,France
334,42256,2019-03-23,Georgia,Switzerland,0.0,2.0,2018-2019,Switzerland
335,42259,2019-03-23,Sweden,Romania,2.0,1.0,2018-2019,Sweden
336,42260,2019-03-23,Spain,Norway,2.0,1.0,2018-2019,Spain
337,42261,2019-03-23,Bosnia,Armenia,2.0,1.0,2018-2019,Bosnia
338,42262,2019-03-23,Italy,Finland,2.0,0.0,2018-2019,Italy
339,42283,2019-03-24,Northern Ireland,Belarus,2.0,1.0,2018-2019,Northern Ireland
340,42284,2019-03-24,Netherlands,Germany,2.0,3.0,2018-2019,Germany
341,42285,2019-03-24,Wales,Slovakia,1.0,0.0,2018-2019,Wales
342,42286,2019-03-24,Hungary,Croatia,2.0,1.0,2018-2019,Hungary
343,42288,2019-03-24,Poland,Latvia,2.0,0.0,2018-2019,Poland
344,42289,2019-03-24,Slovenia,North Macedonia,1.0,1.0,2018-2019,Draw
345,42292,2019-03-24,Cyprus,Belgium,0.0,2.0,2018-2019,Belgium
346,42312,2019-03-25,Kosovo,Bulgaria,1.0,1.0,2018-2019,Draw
347,42314,2019-03-25,Portugal,Serbia,1.0,1.0,2018-2019,Draw
348,42315,2019-03-25,Luxembourg,Ukraine,1.0,2.0,2018-2019,Ukraine
349,42316,2019-03-25,Turkey,Moldova,4.0,0.0,2018-2019,Turkey
350,42317,2019-03-25,Andorra,Albania,0.0,3.0,2018-2019,Albania
351,42318,2019-03-25,France,Iceland,4.0,0.0,2018-2019,France
352,42336,2019-03-26,Republic of Ireland,Georgia,1.0,0.0,2018-2019,Republic of Ireland
353,42337,2019-03-26,Switzerland,Denmark,3.0,3.0,2018-2019,Draw
354,42339,2019-03-26,Norway,Sweden,3.0,3.0,2018-2019,Draw
355,42342,2019-03-26,Italy,Liechtenstein,6.0,0.0,2018-2019,Italy
356,42343,2019-03-26,Armenia,Finland,0.0,2.0,2018-2019,Finland
357,42397,2019-06-05,Portugal,Switzerland,3.0,1.0,2018-2019,Portugal
358,42404,2019-06-06,England,Netherlands,1.0,3.0,2018-2019,Netherlands
359,42414,2019-06-07,Czechia,Bulgaria,2.0,1.0,2018-2019,Czechia
360,42417,2019-06-07,Ukraine,Serbia,5.0,0.0,2018-2019,Ukraine
361,42419,2019-06-07,Denmark,Republic of Ireland,1.0,1.0,2018-2019,Draw
362,42421,2019-06-07,Norway,Romania,2.0,2.0,2018-2019,Draw
363,42423,2019-06-07,Austria,Slovenia,1.0,0.0,2018-2019,Austria
364,42424,2019-06-07,North Macedonia,Poland,0.0,1.0,2018-2019,Poland
365,42438,2019-06-08,Estonia,Northern Ireland,1.0,2.0,2018-2019,Northern Ireland
366,42439,2019-06-08,Belarus,Germany,0.0,2.0,2018-2019,Germany
367,42440,2019-06-08,Croatia,Wales,2.0,1.0,2018-2019,Croatia
368,42442,2019-06-08,Iceland,Albania,1.0,0.0,2018-2019,Iceland
369,42443,2019-06-08,Moldova,Andorra,1.0,0.0,2018-2019,Moldova
370,42444,2019-06-08,Turkey,France,2.0,0.0,2018-2019,Turkey
371,42446,2019-06-08,Scotland,Cyprus,2.0,1.0,2018-2019,Scotland
372,42448,2019-06-08,Finland,Bosnia,2.0,0.0,2018-2019,Finland
373,42449,2019-06-08,Armenia,Liechtenstein,3.0,0.0,2018-2019,Armenia
374,42467,2019-06-09,Switzerland,England,0.0,0.0,2018-2019,Draw
375,42468,2019-06-09,Portugal,Netherlands,1.0,0.0,2018-2019,Portugal
376,42471,2019-06-10,Bulgaria,Kosovo,2.0,3.0,2018-2019,Kosovo
377,42473,2019-06-10,Ukraine,Luxembourg,1.0,0.0,2018-2019,Ukraine
378,42475,2019-06-10,Denmark,Georgia,5.0,1.0,2018-2019,Denmark
379,42478,2019-06-10,Spain,Sweden,3.0,0.0,2018-2019,Spain
380,42479,2019-06-10,North Macedonia,Austria,1.0,4.0,2018-2019,Austria
381,42481,2019-06-10,Latvia,Slovenia,0.0,5.0,2018-2019,Slovenia
382,42483,2019-06-11,Germany,Estonia,8.0,0.0,2018-2019,Germany
383,42484,2019-06-11,Belarus,Northern Ireland,0.0,1.0,2018-2019,Northern Ireland
384,42486,2019-06-11,Hungary,Wales,1.0,0.0,2018-2019,Hungary
385,42487,2019-06-11,Iceland,Turkey,2.0,1.0,2018-2019,Iceland
386,42488,2019-06-11,Albania,Moldova,2.0,0.0,2018-2019,Albania
387,42489,2019-06-11,Andorra,France,0.0,4.0,2018-2019,France
388,42491,2019-06-11,Belgium,Scotland,3.0,0.0,2018-2019,Belgium
389,42492,2019-06-11,Russia,Cyprus,1.0,0.0,2018-2019,Russia
390,42493,2019-06-11,Italy,Bosnia,2.0,1.0,2018-2019,Italy
391,42494,2019-06-11,Liechtenstein,Finland,0.0,2.0,2018-2019,Finland
392,42742,2019-09-05,Northern Ireland,Luxembourg,1.0,0.0,2018-2019,Northern Ireland
393,42745,2019-09-05,Republic of Ireland,Switzerland,1.0,1.0,2018-2019,Draw
394,42749,2019-09-05,Romania,Spain,1.0,2.0,2018-2019,Spain
395,42751,2019-09-05,Armenia,Italy,1.0,3.0,2018-2019,Italy
396,42752,2019-09-05,Bosnia,Liechtenstein,5.0,0.0,2018-2019,Bosnia
397,42787,2019-09-06,Estonia,Belarus,1.0,2.0,2018-2019,Belarus
398,42788,2019-09-06,Germany,Netherlands,2.0,4.0,2018-2019,Netherlands
399,42790,2019-09-06,Slovakia,Croatia,0.0,4.0,2018-2019,Croatia
400,42791,2019-09-06,Austria,Latvia,6.0,0.0,2018-2019,Austria
401,42792,2019-09-06,Slovenia,Poland,2.0,0.0,2018-2019,Slovenia
402,42794,2019-09-06,Scotland,Russia,1.0,2.0,2018-2019,Russia
403,42804,2019-09-07,Kosovo,Czechia,2.0,1.0,2018-2019,Kosovo
404,42805,2019-09-07,England,Bulgaria,4.0,0.0,2018-2019,England
405,42807,2019-09-07,Serbia,Portugal,2.0,4.0,2018-2019,Portugal
406,42808,2019-09-07,Iceland,Moldova,3.0,0.0,2018-2019,Iceland
407,42809,2019-09-07,France,Albania,4.0,1.0,2018-2019,France
408,42810,2019-09-07,Turkey,Andorra,1.0,0.0,2018-2019,Turkey
409,42819,2019-09-08,Georgia,Denmark,0.0,0.0,2018-2019,Draw
410,42822,2019-09-08,Sweden,Norway,1.0,1.0,2018-2019,Draw
411,42823,2019-09-08,Armenia,Bosnia,4.0,2.0,2018-2019,Armenia
412,42824,2019-09-08,Finland,Italy,1.0,2.0,2018-2019,Italy
413,42839,2019-09-09,Wales,Belarus,1.0,0.0,2018-2019,Wales
414,42840,2019-09-09,Northern Ireland,Germany,0.0,2.0,2018-2019,Germany
415,42841,2019-09-09,Estonia,Netherlands,0.0,4.0,2018-2019,Netherlands
416,42843,2019-09-09,Hungary,Slovakia,1.0,2.0,2018-2019,Slovakia
417,42844,2019-09-09,Poland,Austria,0.0,0.0,2018-2019,Draw
418,42846,2019-09-09,Latvia,North Macedonia,0.0,2.0,2018-2019,North Macedonia
419,42847,2019-09-09,Scotland,Belgium,0.0,4.0,2018-2019,Belgium
420,42863,2019-09-10,Republic of Ireland,Bulgaria,3.0,1.0,2018-2019,Republic of Ireland
421,42866,2019-09-10,England,Kosovo,5.0,3.0,2018-2019,England
422,42868,2019-09-10,Luxembourg,Serbia,1.0,3.0,2018-2019,Serbia
423,42870,2019-09-10,Albania,Iceland,4.0,2.0,2018-2019,Albania
424,42871,2019-09-10,France,Andorra,3.0,0.0,2018-2019,France
425,42872,2019-09-10,Moldova,Turkey,0.0,4.0,2018-2019,Turkey
426,42918,2019-10-10,Belarus,Estonia,0.0,0.0,2018-2019,Draw
427,42919,2019-10-10,Netherlands,Northern Ireland,3.0,1.0,2018-2019,Netherlands
428,42920,2019-10-10,Croatia,Hungary,3.0,0.0,2018-2019,Croatia
429,42921,2019-10-10,Slovakia,Wales,1.0,1.0,2018-2019,Draw
430,42923,2019-10-10,North Macedonia,Slovenia,2.0,1.0,2018-2019,North Macedonia
431,42924,2019-10-10,Latvia,Poland,0.0,3.0,2018-2019,Poland
432,42927,2019-10-10,Russia,Scotland,4.0,0.0,2018-2019,Russia
433,42959,2019-10-11,Czechia,England,2.0,1.0,2018-2019,Czechia
434,42961,2019-10-11,Portugal,Luxembourg,3.0,0.0,2018-2019,Portugal
435,42963,2019-10-11,Iceland,France,0.0,1.0,2018-2019,France
436,42964,2019-10-11,Andorra,Moldova,1.0,0.0,2018-2019,Andorra
437,42965,2019-10-11,Turkey,Albania,1.0,0.0,2018-2019,Turkey
438,42973,2019-10-12,Georgia,Republic of Ireland,0.0,0.0,2018-2019,Draw
439,42974,2019-10-12,Denmark,Switzerland,1.0,0.0,2018-2019,Denmark
440,42977,2019-10-12,Norway,Spain,1.0,1.0,2018-2019,Draw
441,42978,2019-10-12,Bosnia,Finland,4.0,1.0,2018-2019,Bosnia
442,42980,2019-10-12,Liechtenstein,Armenia,1.0,1.0,2018-2019,Draw
443,42991,2019-10-13,Belarus,Netherlands,1.0,2.0,2018-2019,Netherlands
444,42992,2019-10-13,Estonia,Germany,0.0,3.0,2018-2019,Germany
445,42994,2019-10-13,Wales,Croatia,1.0,1.0,2018-2019,Draw
446,42995,2019-10-13,Poland,North Macedonia,2.0,0.0,2018-2019,Poland
447,42996,2019-10-13,Slovenia,Austria,0.0,1.0,2018-2019,Austria
448,42998,2019-10-13,Cyprus,Russia,0.0,5.0,2018-2019,Russia
449,43020,2019-10-14,Bulgaria,England,0.0,6.0,2018-2019,England
450,43022,2019-10-14,Ukraine,Portugal,2.0,1.0,2018-2019,Ukraine
451,43023,2019-10-14,Iceland,Andorra,2.0,0.0,2018-2019,Iceland
452,43024,2019-10-14,France,Turkey,1.0,1.0,2018-2019,Draw
453,43025,2019-10-14,Moldova,Albania,0.0,4.0,2018-2019,Albania
454,43026,2019-10-14,Czechia,Northern Ireland,2.0,3.0,2018-2019,Northern Ireland
455,43035,2019-10-15,Switzerland,Republic of Ireland,2.0,0.0,2018-2019,Switzerland
456,43037,2019-10-15,Sweden,Spain,1.0,1.0,2018-2019,Draw
457,43038,2019-10-15,Romania,Norway,1.0,1.0,2018-2019,Draw
458,43040,2019-10-15,Finland,Armenia,3.0,0.0,2018-2019,Finland
459,43041,2019-10-15,Liechtenstein,Italy,0.0,5.0,2018-2019,Italy
460,43047,2019-10-15,Denmark,Luxembourg,4.0,0.0,2018-2019,Denmark
461,43102,2019-11-14,Czechia,Kosovo,2.0,1.0,2018-2019,Czechia
462,43104,2019-11-14,Serbia,Luxembourg,3.0,2.0,2018-2019,Serbia
463,43105,2019-11-14,Turkey,Iceland,0.0,0.0,2018-2019,Draw
464,43106,2019-11-14,Albania,Andorra,2.0,2.0,2018-2019,Draw
465,43107,2019-11-14,France,Moldova,2.0,1.0,2018-2019,France
466,43119,2019-11-14,Ukraine,Estonia,1.0,0.0,2018-2019,Ukraine
467,43141,2019-11-15,Switzerland,Georgia,1.0,0.0,2018-2019,Switzerland
468,43144,2019-11-15,Romania,Sweden,0.0,2.0,2018-2019,Sweden
469,43145,2019-11-15,Finland,Liechtenstein,3.0,0.0,2018-2019,Finland
470,43147,2019-11-15,Bosnia,Italy,0.0,3.0,2018-2019,Italy
471,43159,2019-11-16,Northern Ireland,Netherlands,0.0,0.0,2018-2019,Draw
472,43160,2019-11-16,Germany,Belarus,4.0,0.0,2018-2019,Germany
473,43161,2019-11-16,Croatia,Slovakia,3.0,1.0,2018-2019,Croatia
474,43163,2019-11-16,Slovenia,Latvia,1.0,0.0,2018-2019,Slovenia
475,43164,2019-11-16,Austria,North Macedonia,2.0,1.0,2018-2019,Austria
476,43166,2019-11-16,Cyprus,Scotland,1.0,2.0,2018-2019,Scotland
477,43168,2019-11-16,Russia,Belgium,1.0,4.0,2018-2019,Belgium
478,43185,2019-11-17,Kosovo,England,0.0,4.0,2018-2019,England
479,43186,2019-11-17,Bulgaria,Czechia,1.0,0.0,2018-2019,Bulgaria
480,43187,2019-11-17,Luxembourg,Portugal,0.0,2.0,2018-2019,Portugal
481,43188,2019-11-17,Serbia,Ukraine,2.0,2.0,2018-2019,Draw
482,43189,2019-11-17,Albania,France,0.0,2.0,2018-2019,France
483,43190,2019-11-17,Andorra,Turkey,0.0,2.0,2018-2019,Turkey
484,43191,2019-11-17,Moldova,Iceland,1.0,2.0,2018-2019,Iceland
485,43206,2019-11-18,Republic of Ireland,Denmark,1.0,1.0,2018-2019,Draw
486,43209,2019-11-18,Spain,Romania,5.0,0.0,2018-2019,Spain
487,43211,2019-11-18,Italy,Armenia,9.0,1.0,2018-2019,Italy
488,43212,2019-11-18,Liechtenstein,Bosnia,0.0,3.0,2018-2019,Bosnia
489,43225,2019-11-19,Germany,Northern Ireland,6.0,1.0,2018-2019,Germany
490,43226,2019-11-19,Netherlands,Estonia,5.0,0.0,2018-2019,Netherlands
491,43227,2019-11-19,Wales,Hungary,2.0,0.0,2018-2019,Wales
492,43231,2019-11-19,Poland,Slovenia,3.0,2.0,2018-2019,Poland
493,43232,2019-11-19,Latvia,Austria,1.0,0.0,2018-2019,Latvia
494,43234,2019-11-19,Belgium,Cyprus,6.0,1.0,2018-2019,Belgium
495,43244,2019-11-19,Croatia,Georgia,2.0,1.0,2018-2019,Croatia
496,43289,2020-01-09,Moldova,Sweden,0.0,1.0,2019-2020,Sweden
497,43291,2020-01-12,Kosovo,Sweden,0.0,1.0,2019-2020,Sweden
498,43295,2020-09-03,Germany,Spain,1.0,1.0,2019-2020,Draw
499,43296,2020-09-03,Ukraine,Switzerland,2.0,1.0,2019-2020,Ukraine
500,43297,2020-09-03,Russia,Serbia,3.0,1.0,2019-2020,Russia
501,43298,2020-09-03,Turkey,Hungary,0.0,1.0,2019-2020,Hungary
502,43299,2020-09-03,Bulgaria,Republic of Ireland,1.0,1.0,2019-2020,Draw
503,43300,2020-09-03,Finland,Wales,0.0,1.0,2019-2020,Wales
504,43301,2020-09-03,Moldova,Kosovo,1.0,1.0,2019-2020,Draw
505,43303,2020-09-03,Latvia,Andorra,0.0,0.0,2019-2020,Draw
506,43305,2020-09-04,Italy,Bosnia,1.0,1.0,2019-2020,Draw
507,43306,2020-09-04,Netherlands,Poland,1.0,0.0,2019-2020,Netherlands
508,43307,2020-09-04,Norway,Austria,1.0,2.0,2019-2020,Austria
509,43308,2020-09-04,Romania,Northern Ireland,1.0,1.0,2019-2020,Draw
510,43310,2020-09-04,Slovakia,Czechia,1.0,3.0,2019-2020,Czechia
511,43312,2020-09-04,Belarus,Albania,0.0,2.0,2019-2020,Albania
512,43313,2020-09-05,Iceland,England,0.0,1.0,2019-2020,England
513,43314,2020-09-05,Denmark,Belgium,0.0,2.0,2019-2020,Belgium
514,43315,2020-09-05,Portugal,Croatia,4.0,1.0,2019-2020,Portugal
515,43316,2020-09-05,Sweden,France,0.0,1.0,2019-2020,France
516,43319,2020-09-05,North Macedonia,Armenia,2.0,1.0,2019-2020,North Macedonia
517,43320,2020-09-05,Estonia,Georgia,0.0,1.0,2019-2020,Georgia
518,43322,2020-09-06,Spain,Ukraine,4.0,0.0,2019-2020,Spain
519,43323,2020-09-06,Switzerland,Germany,1.0,1.0,2019-2020,Draw
520,43324,2020-09-06,Hungary,Russia,2.0,3.0,2019-2020,Russia
521,43325,2020-09-06,Serbia,Turkey,0.0,0.0,2019-2020,Draw
522,43326,2020-09-06,Wales,Bulgaria,1.0,0.0,2019-2020,Wales
523,43327,2020-09-06,Republic of Ireland,Finland,0.0,1.0,2019-2020,Finland
524,43328,2020-09-06,Slovenia,Moldova,1.0,0.0,2019-2020,Slovenia
525,43332,2020-09-07,Bosnia,Poland,1.0,2.0,2019-2020,Poland
526,43333,2020-09-07,Netherlands,Italy,0.0,1.0,2019-2020,Italy
527,43334,2020-09-07,Northern Ireland,Norway,1.0,5.0,2019-2020,Norway
528,43335,2020-09-07,Austria,Romania,2.0,3.0,2019-2020,Romania
529,43336,2020-09-07,Czechia,Scotland,1.0,2.0,2019-2020,Scotland
530,43340,2020-09-08,Belgium,Iceland,5.0,1.0,2019-2020,Belgium
531,43341,2020-09-08,Denmark,England,0.0,0.0,2019-2020,Draw
532,43342,2020-09-08,France,Croatia,4.0,2.0,2019-2020,France
533,43343,2020-09-08,Sweden,Portugal,0.0,2.0,2019-2020,Portugal
534,43346,2020-09-08,Armenia,Estonia,2.0,0.0,2019-2020,Armenia
535,43347,2020-09-08,Georgia,North Macedonia,1.0,1.0,2019-2020,Draw
536,43352,2020-10-07,Cyprus,Czechia,1.0,2.0,2019-2020,Czechia
537,43355,2020-10-07,France,Ukraine,7.0,1.0,2019-2020,France
538,43356,2020-10-07,Germany,Turkey,3.0,3.0,2019-2020,Draw
539,43357,2020-10-07,Italy,Moldova,6.0,0.0,2019-2020,Italy
540,43358,2020-10-07,Luxembourg,Liechtenstein,1.0,2.0,2019-2020,Liechtenstein
541,43362,2020-10-07,Poland,Finland,5.0,1.0,2019-2020,Poland
542,43363,2020-10-07,Portugal,Spain,0.0,0.0,2019-2020,Draw
543,43365,2020-10-07,Switzerland,Croatia,1.0,2.0,2019-2020,Croatia
544,43368,2020-10-08,England,Wales,3.0,0.0,2019-2020,England
545,43369,2020-10-08,Russia,Sweden,1.0,2.0,2019-2020,Sweden
546,43375,2020-10-08,Iceland,Romania,2.0,1.0,2019-2020,Iceland
547,43376,2020-10-08,Bulgaria,Hungary,1.0,3.0,2019-2020,Hungary
548,43377,2020-10-08,Bosnia,Northern Ireland,1.0,1.0,2019-2020,Draw
549,43378,2020-10-08,Slovakia,Republic of Ireland,0.0,0.0,2019-2020,Draw
550,43380,2020-10-08,Norway,Serbia,1.0,2.0,2019-2020,Serbia
551,43381,2020-10-08,Georgia,Belarus,1.0,0.0,2019-2020,Georgia
552,43382,2020-10-08,North Macedonia,Kosovo,2.0,1.0,2019-2020,North Macedonia
553,43394,2020-10-10,Spain,Switzerland,1.0,0.0,2019-2020,Spain
554,43395,2020-10-10,Ukraine,Germany,1.0,2.0,2019-2020,Germany
555,43396,2020-10-10,Luxembourg,Cyprus,2.0,0.0,2019-2020,Luxembourg
556,43405,2020-10-11,Bosnia,Netherlands,0.0,0.0,2019-2020,Draw
557,43406,2020-10-11,Poland,Italy,0.0,0.0,2019-2020,Draw
558,43407,2020-10-11,England,Belgium,2.0,1.0,2019-2020,England
559,43408,2020-10-11,Iceland,Denmark,0.0,3.0,2019-2020,Denmark
560,43409,2020-10-11,Croatia,Sweden,2.0,1.0,2019-2020,Croatia
561,43410,2020-10-11,France,Portugal,0.0,0.0,2019-2020,Draw
562,43411,2020-10-11,Norway,Romania,4.0,0.0,2019-2020,Norway
563,43412,2020-10-11,Northern Ireland,Austria,0.0,1.0,2019-2020,Austria
564,43413,2020-10-11,Scotland,Slovakia,1.0,0.0,2019-2020,Scotland
565,43415,2020-10-11,Serbia,Hungary,0.0,1.0,2019-2020,Hungary
566,43416,2020-10-11,Russia,Turkey,1.0,1.0,2019-2020,Draw
567,43417,2020-10-11,Republic of Ireland,Wales,0.0,0.0,2019-2020,Draw
568,43418,2020-10-11,Finland,Bulgaria,2.0,0.0,2019-2020,Finland
569,43419,2020-10-11,Armenia,Georgia,2.0,2.0,2019-2020,Draw
570,43420,2020-10-11,Estonia,North Macedonia,3.0,3.0,2019-2020,Draw
571,43421,2020-10-11,Kosovo,Slovenia,0.0,1.0,2019-2020,Slovenia
572,43434,2020-10-13,Germany,Switzerland,3.0,3.0,2019-2020,Draw
573,43435,2020-10-13,Ukraine,Spain,1.0,0.0,2019-2020,Ukraine
574,43453,2020-10-14,Italy,Netherlands,1.0,1.0,2019-2020,Draw
575,43454,2020-10-14,Poland,Bosnia,3.0,0.0,2019-2020,Poland
576,43455,2020-10-14,Iceland,Belgium,1.0,2.0,2019-2020,Belgium
577,43456,2020-10-14,England,Denmark,0.0,1.0,2019-2020,Denmark
578,43457,2020-10-14,Portugal,Sweden,3.0,0.0,2019-2020,Portugal
579,43458,2020-10-14,Croatia,France,1.0,2.0,2019-2020,France
580,43459,2020-10-14,Norway,Northern Ireland,1.0,0.0,2019-2020,Norway
581,43460,2020-10-14,Romania,Austria,0.0,1.0,2019-2020,Austria
582,43461,2020-10-14,Scotland,Czechia,1.0,0.0,2019-2020,Scotland
583,43463,2020-10-14,Russia,Hungary,0.0,0.0,2019-2020,Draw
584,43464,2020-10-14,Turkey,Serbia,2.0,2.0,2019-2020,Draw
585,43465,2020-10-14,Finland,Republic of Ireland,1.0,0.0,2019-2020,Finland
586,43466,2020-10-14,Bulgaria,Wales,0.0,1.0,2019-2020,Wales
587,43467,2020-10-14,North Macedonia,Georgia,1.0,1.0,2019-2020,Draw
588,43468,2020-10-14,Estonia,Armenia,1.0,1.0,2019-2020,Draw
589,43470,2020-10-14,Moldova,Slovenia,0.0,4.0,2019-2020,Slovenia
590,43475,2020-11-11,Albania,Kosovo,2.0,1.0,2019-2020,Albania
591,43476,2020-11-11,Belgium,Switzerland,2.0,1.0,2019-2020,Belgium
592,43478,2020-11-11,Denmark,Sweden,2.0,0.0,2019-2020,Denmark
593,43479,2020-11-11,France,Finland,0.0,2.0,2019-2020,Finland
594,43480,2020-11-11,Germany,Czechia,1.0,0.0,2019-2020,Germany
595,43482,2020-11-11,Italy,Estonia,4.0,0.0,2019-2020,Italy
596,43484,2020-11-11,Luxembourg,Austria,0.0,3.0,2019-2020,Austria
597,43487,2020-11-11,Netherlands,Spain,1.0,1.0,2019-2020,Draw
598,43488,2020-11-11,Poland,Ukraine,2.0,0.0,2019-2020,Poland
599,43489,2020-11-11,Portugal,Andorra,7.0,0.0,2019-2020,Portugal
600,43490,2020-11-11,Romania,Belarus,5.0,3.0,2019-2020,Romania
601,43493,2020-11-11,Turkey,Croatia,3.0,3.0,2019-2020,Draw
602,43499,2020-11-12,Hungary,Iceland,2.0,1.0,2019-2020,Hungary
603,43500,2020-11-12,Northern Ireland,Slovakia,1.0,2.0,2019-2020,Slovakia
604,43501,2020-11-12,Serbia,Scotland,1.0,1.0,2019-2020,Draw
605,43502,2020-11-12,Georgia,North Macedonia,0.0,1.0,2019-2020,North Macedonia
606,43504,2020-11-12,England,Republic of Ireland,3.0,0.0,2019-2020,England
607,43507,2020-11-12,Moldova,Russia,0.0,0.0,2019-2020,Draw
608,43535,2020-11-14,Portugal,France,0.0,1.0,2019-2020,France
609,43536,2020-11-14,Sweden,Croatia,2.0,1.0,2019-2020,Sweden
610,43537,2020-11-14,Germany,Ukraine,3.0,1.0,2019-2020,Germany
611,43538,2020-11-14,Switzerland,Spain,1.0,1.0,2019-2020,Draw
612,43540,2020-11-14,Cyprus,Luxembourg,2.0,1.0,2019-2020,Cyprus
613,43549,2020-11-15,Netherlands,Bosnia,3.0,1.0,2019-2020,Netherlands
614,43550,2020-11-15,Italy,Poland,2.0,0.0,2019-2020,Italy
615,43551,2020-11-15,Belgium,England,2.0,0.0,2019-2020,Belgium
616,43552,2020-11-15,Denmark,Iceland,2.0,1.0,2019-2020,Denmark
617,43553,2020-11-15,Austria,Northern Ireland,2.0,1.0,2019-2020,Austria
618,43554,2020-11-15,Romania,Norway,3.0,0.0,2019-2020,Romania
619,43555,2020-11-15,Slovakia,Scotland,1.0,0.0,2019-2020,Slovakia
620,43557,2020-11-15,Turkey,Russia,3.0,2.0,2019-2020,Turkey
621,43558,2020-11-15,Hungary,Serbia,1.0,1.0,2019-2020,Draw
622,43559,2020-11-15,Wales,Republic of Ireland,1.0,0.0,2019-2020,Wales
623,43560,2020-11-15,Bulgaria,Finland,1.0,2.0,2019-2020,Finland
624,43561,2020-11-15,North Macedonia,Estonia,2.0,1.0,2019-2020,North Macedonia
625,43562,2020-11-15,Georgia,Armenia,1.0,2.0,2019-2020,Armenia
626,43563,2020-11-15,Slovenia,Kosovo,2.0,1.0,2019-2020,Slovenia
627,43585,2020-11-17,Croatia,Portugal,2.0,3.0,2019-2020,Portugal
628,43586,2020-11-17,France,Sweden,4.0,2.0,2019-2020,France
629,43587,2020-11-17,Spain,Germany,6.0,0.0,2019-2020,Spain
630,43588,2020-11-17,Switzerland,Ukraine,3.0,0.0,2019-2020,Switzerland
631,43591,2020-11-17,Andorra,Latvia,0.0,5.0,2019-2020,Latvia
632,43615,2020-11-18,Bosnia,Italy,0.0,2.0,2019-2020,Italy
633,43616,2020-11-18,Poland,Netherlands,1.0,2.0,2019-2020,Netherlands
634,43617,2020-11-18,England,Iceland,4.0,0.0,2019-2020,England
635,43618,2020-11-18,Belgium,Denmark,4.0,2.0,2019-2020,Belgium
636,43619,2020-11-18,Northern Ireland,Romania,1.0,1.0,2019-2020,Draw
637,43620,2020-11-18,Austria,Norway,1.0,1.0,2019-2020,Draw
638,43621,2020-11-18,Czechia,Slovakia,2.0,0.0,2019-2020,Czechia
639,43623,2020-11-18,Hungary,Turkey,2.0,0.0,2019-2020,Hungary
640,43624,2020-11-18,Serbia,Russia,5.0,0.0,2019-2020,Serbia
641,43625,2020-11-18,Republic of Ireland,Bulgaria,0.0,0.0,2019-2020,Draw
642,43626,2020-11-18,Wales,Finland,3.0,1.0,2019-2020,Wales
643,43627,2020-11-18,Armenia,North Macedonia,1.0,0.0,2019-2020,Armenia
644,43628,2020-11-18,Georgia,Estonia,0.0,0.0,2019-2020,Draw
645,43629,2020-11-18,Kosovo,Moldova,1.0,0.0,2019-2020,Kosovo
646,43631,2020-11-18,Albania,Belarus,3.0,2.0,2019-2020,Albania
647,43661,2021-03-24,Serbia,Republic of Ireland,3.0,2.0,2020-2021,Serbia
648,43662,2021-03-24,France,Ukraine,1.0,1.0,2020-2021,Draw
649,43663,2021-03-24,Finland,Bosnia,2.0,2.0,2020-2021,Draw
650,43664,2021-03-24,Belgium,Wales,3.0,1.0,2020-2021,Belgium
651,43665,2021-03-24,Estonia,Czechia,2.0,6.0,2020-2021,Czechia
652,43666,2021-03-24,Turkey,Netherlands,4.0,2.0,2020-2021,Turkey
653,43670,2021-03-24,Slovenia,Croatia,1.0,0.0,2020-2021,Slovenia
654,43671,2021-03-24,Cyprus,Slovakia,0.0,0.0,2020-2021,Draw
655,43691,2021-03-25,Sweden,Georgia,1.0,0.0,2020-2021,Sweden
656,43692,2021-03-25,Bulgaria,Switzerland,1.0,3.0,2020-2021,Switzerland
657,43693,2021-03-25,Italy,Northern Ireland,2.0,0.0,2020-2021,Italy
658,43695,2021-03-25,Scotland,Austria,2.0,2.0,2020-2021,Draw
659,43698,2021-03-25,Andorra,Albania,0.0,1.0,2020-2021,Albania
660,43699,2021-03-25,Hungary,Poland,3.0,3.0,2020-2021,Draw
661,43700,2021-03-25,Germany,Iceland,3.0,0.0,2020-2021,Germany
662,43701,2021-03-25,Liechtenstein,Armenia,0.0,1.0,2020-2021,Armenia
663,43702,2021-03-25,Romania,North Macedonia,3.0,2.0,2020-2021,Romania
664,43730,2021-03-27,Republic of Ireland,Luxembourg,0.0,1.0,2020-2021,Luxembourg
665,43731,2021-03-27,Serbia,Portugal,2.0,2.0,2020-2021,Draw
666,43732,2021-03-27,Belarus,Estonia,4.0,2.0,2020-2021,Belarus
667,43733,2021-03-27,Czechia,Belgium,1.0,1.0,2020-2021,Draw
668,43735,2021-03-27,Netherlands,Latvia,2.0,0.0,2020-2021,Netherlands
669,43736,2021-03-27,Norway,Turkey,0.0,3.0,2020-2021,Turkey
670,43737,2021-03-27,Russia,Slovenia,2.0,1.0,2020-2021,Russia
671,43738,2021-03-27,Croatia,Cyprus,1.0,0.0,2020-2021,Croatia
672,43748,2021-03-28,Georgia,Spain,1.0,2.0,2020-2021,Spain
673,43749,2021-03-28,Kosovo,Sweden,0.0,3.0,2020-2021,Sweden
674,43751,2021-03-28,Bulgaria,Italy,0.0,2.0,2020-2021,Italy
675,43753,2021-03-28,Ukraine,Finland,1.0,1.0,2020-2021,Draw
676,43754,2021-03-28,Denmark,Moldova,8.0,0.0,2020-2021,Denmark
677,43757,2021-03-28,Albania,England,0.0,2.0,2020-2021,England
678,43758,2021-03-28,Poland,Andorra,3.0,0.0,2020-2021,Poland
679,43760,2021-03-28,Armenia,Iceland,2.0,0.0,2020-2021,Armenia
680,43761,2021-03-28,North Macedonia,Liechtenstein,5.0,0.0,2020-2021,North Macedonia
681,43762,2021-03-28,Romania,Germany,0.0,1.0,2020-2021,Germany
682,43794,2021-03-30,Luxembourg,Portugal,1.0,3.0,2020-2021,Portugal
683,43795,2021-03-30,Wales,Czechia,1.0,0.0,2020-2021,Wales
684,43796,2021-03-30,Belgium,Belarus,8.0,0.0,2020-2021,Belgium
685,43799,2021-03-30,Turkey,Latvia,3.0,3.0,2020-2021,Draw
686,43800,2021-03-30,Cyprus,Slovenia,1.0,0.0,2020-2021,Cyprus
687,43802,2021-03-30,Slovakia,Russia,2.0,1.0,2020-2021,Slovakia
688,43814,2021-03-31,Sweden,Estonia,1.0,0.0,2020-2021,Sweden
689,43815,2021-03-31,Switzerland,Finland,3.0,2.0,2020-2021,Switzerland
690,43816,2021-03-31,Spain,Kosovo,3.0,1.0,2020-2021,Spain
691,43818,2021-03-31,Northern Ireland,Bulgaria,0.0,0.0,2020-2021,Draw
692,43820,2021-03-31,Bosnia,France,0.0,1.0,2020-2021,France
693,43823,2021-03-31,Austria,Denmark,0.0,4.0,2020-2021,Denmark
694,43825,2021-03-31,England,Poland,2.0,1.0,2020-2021,England
695,43826,2021-03-31,Andorra,Hungary,1.0,4.0,2020-2021,Hungary
696,43828,2021-03-31,Armenia,Romania,3.0,2.0,2020-2021,Armenia
697,43829,2021-03-31,Germany,North Macedonia,1.0,2.0,2020-2021,North Macedonia
698,43830,2021-03-31,Liechtenstein,Iceland,1.0,4.0,2020-2021,Iceland
699,43844,2021-05-29,Sweden,Finland,2.0,0.0,2020-2021,Sweden
700,43851,2021-06-01,Croatia,Armenia,1.0,1.0,2020-2021,Draw
701,43853,2021-06-01,North Macedonia,Slovenia,1.0,1.0,2020-2021,Draw
702,43854,2021-06-01,Poland,Russia,1.0,1.0,2020-2021,Draw
703,43855,2021-06-01,Slovakia,Bulgaria,1.0,1.0,2020-2021,Draw
704,43859,2021-06-02,England,Austria,1.0,0.0,2020-2021,England
705,43860,2021-06-02,France,Wales,3.0,0.0,2020-2021,France
706,43861,2021-06-02,Germany,Denmark,1.0,1.0,2020-2021,Draw
707,43863,2021-06-02,Netherlands,Scotland,2.0,2.0,2020-2021,Draw
708,43864,2021-06-02,Norway,Luxembourg,1.0,0.0,2020-2021,Norway
709,43865,2021-06-02,Romania,Georgia,1.0,2.0,2020-2021,Georgia
710,43872,2021-06-03,Andorra,Republic of Ireland,1.0,4.0,2020-2021,Republic of Ireland
711,43874,2021-06-03,Switzerland,Liechtenstein,7.0,0.0,2020-2021,Switzerland
712,43875,2021-06-03,Turkey,Moldova,2.0,0.0,2020-2021,Turkey
713,43876,2021-06-03,Ukraine,Northern Ireland,1.0,0.0,2020-2021,Ukraine
714,43893,2021-06-04,Finland,Estonia,0.0,1.0,2020-2021,Estonia
715,43894,2021-06-04,Hungary,Cyprus,1.0,0.0,2020-2021,Hungary
716,43895,2021-06-04,Italy,Czechia,4.0,0.0,2020-2021,Italy
717,43901,2021-06-04,Spain,Portugal,0.0,0.0,2020-2021,Draw
718,43915,2021-06-05,Russia,Bulgaria,1.0,0.0,2020-2021,Russia
719,43917,2021-06-05,Sweden,Armenia,3.0,1.0,2020-2021,Sweden
720,43919,2021-06-05,Wales,Albania,0.0,0.0,2020-2021,Draw
721,43930,2021-06-06,Austria,Slovakia,0.0,0.0,2020-2021,Draw
722,43931,2021-06-06,Belgium,Croatia,1.0,0.0,2020-2021,Belgium
723,43932,2021-06-06,Denmark,Bosnia,2.0,0.0,2020-2021,Denmark
724,43933,2021-06-06,England,Romania,1.0,0.0,2020-2021,England
725,43934,2021-06-06,Luxembourg,Scotland,0.0,1.0,2020-2021,Scotland
726,43936,2021-06-06,Netherlands,Georgia,3.0,0.0,2020-2021,Netherlands
727,43942,2021-06-07,Germany,Latvia,7.0,1.0,2020-2021,Germany
728,43945,2021-06-07,Ukraine,Cyprus,4.0,0.0,2020-2021,Ukraine
729,43961,2021-06-08,Czechia,Albania,3.0,1.0,2020-2021,Czechia
730,43962,2021-06-08,France,Bulgaria,3.0,0.0,2020-2021,France
731,43964,2021-06-08,Hungary,Republic of Ireland,0.0,0.0,2020-2021,Draw
732,43968,2021-06-08,Poland,Iceland,2.0,2.0,2020-2021,Draw
733,43992,2021-06-10,Estonia,Latvia,2.0,1.0,2020-2021,Estonia
734,44010,2021-06-11,Italy,Turkey,3.0,0.0,2020-2021,Italy
735,44019,2021-06-12,Wales,Switzerland,1.0,1.0,2020-2021,Draw
736,44020,2021-06-12,Denmark,Finland,0.0,1.0,2020-2021,Finland
737,44021,2021-06-12,Russia,Belgium,0.0,3.0,2020-2021,Belgium
738,44025,2021-06-13,Austria,North Macedonia,3.0,1.0,2020-2021,Austria
739,44026,2021-06-13,Netherlands,Ukraine,3.0,2.0,2020-2021,Netherlands
740,44027,2021-06-13,England,Croatia,1.0,0.0,2020-2021,England
741,44031,2021-06-14,Scotland,Czechia,0.0,2.0,2020-2021,Czechia
742,44032,2021-06-14,Poland,Slovakia,1.0,2.0,2020-2021,Slovakia
743,44033,2021-06-14,Spain,Sweden,0.0,0.0,2020-2021,Draw
744,44054,2021-06-15,Hungary,Portugal,0.0,3.0,2020-2021,Portugal
745,44055,2021-06-15,Germany,France,0.0,1.0,2020-2021,France
746,44058,2021-06-16,Turkey,Wales,0.0,2.0,2020-2021,Wales
747,44059,2021-06-16,Italy,Switzerland,3.0,0.0,2020-2021,Italy
748,44060,2021-06-16,Russia,Finland,1.0,0.0,2020-2021,Russia
749,44061,2021-06-17,Denmark,Belgium,1.0,2.0,2020-2021,Belgium
750,44062,2021-06-17,Ukraine,North Macedonia,2.0,1.0,2020-2021,Ukraine
751,44063,2021-06-17,Netherlands,Austria,2.0,0.0,2020-2021,Netherlands
752,44067,2021-06-18,Croatia,Czechia,1.0,1.0,2020-2021,Draw
753,44068,2021-06-18,England,Scotland,0.0,0.0,2020-2021,Draw
754,44069,2021-06-18,Sweden,Slovakia,1.0,0.0,2020-2021,Sweden
755,44072,2021-06-19,Spain,Poland,1.0,1.0,2020-2021,Draw
756,44073,2021-06-19,Hungary,France,1.0,1.0,2020-2021,Draw
757,44074,2021-06-19,Germany,Portugal,4.0,2.0,2020-2021,Germany
758,44076,2021-06-20,Italy,Wales,1.0,0.0,2020-2021,Italy
759,44077,2021-06-20,Switzerland,Turkey,3.0,1.0,2020-2021,Switzerland
760,44081,2021-06-21,Denmark,Russia,4.0,1.0,2020-2021,Denmark
761,44082,2021-06-21,Finland,Belgium,0.0,2.0,2020-2021,Belgium
762,44083,2021-06-21,Netherlands,North Macedonia,3.0,0.0,2020-2021,Netherlands
763,44084,2021-06-21,Ukraine,Austria,0.0,1.0,2020-2021,Austria
764,44087,2021-06-22,Scotland,Croatia,1.0,3.0,2020-2021,Croatia
765,44088,2021-06-22,England,Czechia,1.0,0.0,2020-2021,England
766,44090,2021-06-23,Spain,Slovakia,5.0,0.0,2020-2021,Spain
767,44091,2021-06-23,Sweden,Poland,3.0,2.0,2020-2021,Sweden
768,44092,2021-06-23,Germany,Hungary,2.0,2.0,2020-2021,Draw
769,44093,2021-06-23,Portugal,France,2.0,2.0,2020-2021,Draw
770,44101,2021-06-26,Italy,Austria,2.0,1.0,2020-2021,Italy
771,44102,2021-06-26,Wales,Denmark,0.0,4.0,2020-2021,Denmark
772,44103,2021-06-27,Netherlands,Czechia,0.0,2.0,2020-2021,Czechia
773,44104,2021-06-27,Belgium,Portugal,1.0,0.0,2020-2021,Belgium
774,44108,2021-06-28,Croatia,Spain,3.0,5.0,2020-2021,Spain
775,44109,2021-06-28,France,Switzerland,3.0,3.0,2020-2021,Draw
776,44112,2021-06-29,England,Germany,2.0,0.0,2020-2021,England
777,44113,2021-06-29,Sweden,Ukraine,1.0,2.0,2020-2021,Ukraine
778,44115,2021-07-02,Switzerland,Spain,1.0,1.0,2020-2021,Draw
779,44116,2021-07-02,Belgium,Italy,1.0,2.0,2020-2021,Italy
780,44122,2021-07-03,Czechia,Denmark,1.0,2.0,2020-2021,Denmark
781,44123,2021-07-03,Ukraine,England,0.0,4.0,2020-2021,England
782,44133,2021-07-06,Italy,Spain,1.0,1.0,2020-2021,Draw
783,44139,2021-07-07,England,Denmark,2.0,1.0,2020-2021,England
784,44151,2021-07-11,England,Italy,1.0,1.0,2020-2021,Draw
785,44203,2021-09-01,Finland,Wales,0.0,0.0,2020-2021,Draw
786,44212,2021-09-01,Portugal,Republic of Ireland,2.0,1.0,2020-2021,Portugal
787,44215,2021-09-01,France,Bosnia,1.0,1.0,2020-2021,Draw
788,44217,2021-09-01,Denmark,Scotland,2.0,0.0,2020-2021,Denmark
789,44218,2021-09-01,Moldova,Austria,0.0,2.0,2020-2021,Austria
790,44219,2021-09-01,Norway,Netherlands,1.0,1.0,2020-2021,Draw
791,44223,2021-09-01,Slovenia,Slovakia,1.0,1.0,2020-2021,Draw
792,44224,2021-09-01,Russia,Croatia,0.0,0.0,2020-2021,Draw
793,44240,2021-09-02,Georgia,Kosovo,0.0,1.0,2020-2021,Kosovo
794,44241,2021-09-02,Sweden,Spain,2.0,1.0,2020-2021,Sweden
795,44242,2021-09-02,Italy,Bulgaria,1.0,1.0,2020-2021,Draw
796,44244,2021-09-02,Czechia,Belarus,1.0,0.0,2020-2021,Czechia
797,44245,2021-09-02,Estonia,Belgium,2.0,5.0,2020-2021,Belgium
798,44247,2021-09-02,Hungary,England,0.0,4.0,2020-2021,England
799,44248,2021-09-02,Poland,Albania,4.0,1.0,2020-2021,Poland
800,44249,2021-09-02,Iceland,Romania,0.0,2.0,2020-2021,Romania
801,44250,2021-09-02,Liechtenstein,Germany,0.0,2.0,2020-2021,Germany
802,44251,2021-09-02,North Macedonia,Armenia,0.0,0.0,2020-2021,Draw
803,44273,2021-09-04,Serbia,Luxembourg,4.0,1.0,2020-2021,Serbia
804,44275,2021-09-04,Ukraine,France,1.0,1.0,2020-2021,Draw
805,44277,2021-09-04,Scotland,Moldova,1.0,0.0,2020-2021,Scotland
806,44279,2021-09-04,Latvia,Norway,0.0,2.0,2020-2021,Norway
807,44283,2021-09-04,Cyprus,Russia,0.0,2.0,2020-2021,Russia
808,44284,2021-09-04,Slovakia,Croatia,0.0,1.0,2020-2021,Croatia
809,44286,2021-09-05,Estonia,Northern Ireland,0.0,1.0,2020-2021,Northern Ireland
810,44293,2021-09-05,Spain,Georgia,4.0,0.0,2020-2021,Spain
811,44295,2021-09-05,Switzerland,Italy,0.0,0.0,2020-2021,Draw
812,44296,2021-09-05,Belarus,Wales,2.0,3.0,2020-2021,Wales
813,44297,2021-09-05,Belgium,Czechia,3.0,0.0,2020-2021,Belgium
814,44298,2021-09-05,England,Andorra,4.0,0.0,2020-2021,England
815,44299,2021-09-05,Albania,Hungary,1.0,0.0,2020-2021,Albania
816,44301,2021-09-05,Iceland,North Macedonia,2.0,2.0,2020-2021,Draw
817,44302,2021-09-05,Germany,Armenia,6.0,0.0,2020-2021,Germany
818,44303,2021-09-05,Romania,Liechtenstein,2.0,0.0,2020-2021,Romania
819,44338,2021-09-07,Republic of Ireland,Serbia,1.0,1.0,2020-2021,Draw
820,44341,2021-09-07,France,Finland,2.0,0.0,2020-2021,France
821,44343,2021-09-07,Austria,Scotland,0.0,1.0,2020-2021,Scotland
822,44346,2021-09-07,Netherlands,Turkey,6.0,1.0,2020-2021,Netherlands
823,44348,2021-09-07,Croatia,Slovenia,3.0,0.0,2020-2021,Croatia
824,44349,2021-09-07,Slovakia,Cyprus,2.0,0.0,2020-2021,Slovakia
825,44351,2021-09-08,Bulgaria,Georgia,4.0,1.0,2020-2021,Bulgaria
826,44352,2021-09-08,Czechia,Ukraine,1.0,1.0,2020-2021,Draw
827,44354,2021-09-08,Kosovo,Spain,0.0,2.0,2020-2021,Spain
828,44356,2021-09-08,Northern Ireland,Switzerland,0.0,0.0,2020-2021,Draw
829,44358,2021-09-08,Wales,Estonia,0.0,0.0,2020-2021,Draw
830,44359,2021-09-08,Belarus,Belgium,0.0,1.0,2020-2021,Belgium
831,44361,2021-09-08,Hungary,Andorra,2.0,1.0,2020-2021,Hungary
832,44362,2021-09-08,Poland,England,1.0,1.0,2020-2021,Draw
833,44363,2021-09-08,Iceland,Germany,0.0,4.0,2020-2021,Germany
834,44364,2021-09-08,Armenia,Liechtenstein,1.0,1.0,2020-2021,Draw
835,44365,2021-09-08,North Macedonia,Romania,0.0,0.0,2020-2021,Draw
836,44386,2021-10-06,Italy,Spain,1.0,2.0,2020-2021,Spain
837,44413,2021-10-07,Belgium,France,2.0,3.0,2020-2021,France
838,44414,2021-10-08,Czechia,Wales,2.0,2.0,2020-2021,Draw
839,44415,2021-10-08,Estonia,Belarus,2.0,0.0,2020-2021,Estonia
840,44417,2021-10-08,Latvia,Netherlands,0.0,1.0,2020-2021,Netherlands
841,44418,2021-10-08,Turkey,Norway,1.0,1.0,2020-2021,Draw
842,44420,2021-10-08,Cyprus,Croatia,0.0,3.0,2020-2021,Croatia
843,44421,2021-10-08,Russia,Slovakia,1.0,0.0,2020-2021,Russia
844,44422,2021-10-08,Iceland,Armenia,1.0,1.0,2020-2021,Draw
845,44423,2021-10-08,Germany,Romania,2.0,1.0,2020-2021,Germany
846,44424,2021-10-08,Liechtenstein,North Macedonia,0.0,4.0,2020-2021,North Macedonia
847,44432,2021-10-09,Luxembourg,Serbia,0.0,1.0,2020-2021,Serbia
848,44433,2021-10-09,Sweden,Kosovo,3.0,0.0,2020-2021,Sweden
849,44436,2021-10-09,Switzerland,Northern Ireland,2.0,0.0,2020-2021,Switzerland
850,44437,2021-10-09,Finland,Ukraine,1.0,2.0,2020-2021,Ukraine
851,44441,2021-10-09,Moldova,Denmark,0.0,4.0,2020-2021,Denmark
852,44442,2021-10-09,Andorra,England,0.0,5.0,2020-2021,England
853,44443,2021-10-09,Hungary,Albania,0.0,1.0,2020-2021,Albania
854,44475,2021-10-10,Italy,Belgium,2.0,1.0,2020-2021,Italy
855,44476,2021-10-10,Spain,France,1.0,2.0,2020-2021,France
856,44477,2021-10-11,Belarus,Czechia,0.0,2.0,2020-2021,Czechia
857,44478,2021-10-11,Estonia,Wales,0.0,1.0,2020-2021,Wales
858,44481,2021-10-11,Latvia,Turkey,1.0,2.0,2020-2021,Turkey
859,44483,2021-10-11,Croatia,Slovakia,2.0,2.0,2020-2021,Draw
860,44484,2021-10-11,Slovenia,Russia,1.0,2.0,2020-2021,Russia
861,44485,2021-10-11,Iceland,Liechtenstein,4.0,0.0,2020-2021,Iceland
862,44486,2021-10-11,North Macedonia,Germany,0.0,4.0,2020-2021,Germany
863,44487,2021-10-11,Romania,Armenia,1.0,0.0,2020-2021,Romania
864,44500,2021-10-12,Portugal,Luxembourg,5.0,0.0,2020-2021,Portugal
865,44502,2021-10-12,Kosovo,Georgia,1.0,2.0,2020-2021,Georgia
866,44504,2021-10-12,Bulgaria,Northern Ireland,2.0,1.0,2020-2021,Bulgaria
867,44507,2021-10-12,Ukraine,Bosnia,1.0,1.0,2020-2021,Draw
868,44509,2021-10-12,Denmark,Austria,1.0,0.0,2020-2021,Denmark
869,44511,2021-10-12,England,Hungary,1.0,1.0,2020-2021,Draw
870,44512,2021-10-12,Albania,Poland,0.0,1.0,2020-2021,Poland
871,44546,2021-11-11,Ukraine,Bulgaria,1.0,1.0,2020-2021,Draw
872,44561,2021-11-11,Republic of Ireland,Portugal,0.0,0.0,2020-2021,Draw
873,44563,2021-11-11,Georgia,Sweden,2.0,0.0,2020-2021,Georgia
874,44565,2021-11-11,Russia,Cyprus,6.0,0.0,2020-2021,Russia
875,44567,2021-11-11,Slovakia,Slovenia,2.0,2.0,2020-2021,Draw
876,44568,2021-11-11,Germany,Liechtenstein,9.0,0.0,2020-2021,Germany
877,44569,2021-11-11,Armenia,North Macedonia,0.0,5.0,2020-2021,North Macedonia
878,44570,2021-11-11,Romania,Iceland,0.0,0.0,2020-2021,Draw
879,44586,2021-11-12,Italy,Switzerland,1.0,1.0,2020-2021,Draw
880,44587,2021-11-12,Moldova,Scotland,0.0,2.0,2020-2021,Scotland
881,44590,2021-11-12,England,Albania,5.0,0.0,2020-2021,England
882,44591,2021-11-12,Andorra,Poland,1.0,4.0,2020-2021,Poland
883,44605,2021-11-13,Bosnia,Finland,1.0,3.0,2020-2021,Finland
884,44607,2021-11-13,Wales,Belarus,5.0,1.0,2020-2021,Wales
885,44608,2021-11-13,Belgium,Estonia,3.0,1.0,2020-2021,Belgium
886,44609,2021-11-13,Norway,Latvia,0.0,0.0,2020-2021,Draw
887,44620,2021-11-14,Portugal,Serbia,1.0,2.0,2020-2021,Serbia
888,44621,2021-11-14,Luxembourg,Republic of Ireland,0.0,3.0,2020-2021,Republic of Ireland
889,44622,2021-11-14,Spain,Sweden,1.0,0.0,2020-2021,Spain
890,44624,2021-11-14,Croatia,Russia,1.0,0.0,2020-2021,Croatia
891,44626,2021-11-14,Slovenia,Cyprus,2.0,1.0,2020-2021,Slovenia
892,44627,2021-11-14,Liechtenstein,Romania,0.0,2.0,2020-2021,Romania
893,44628,2021-11-14,North Macedonia,Iceland,3.0,1.0,2020-2021,North Macedonia
894,44629,2021-11-14,Armenia,Germany,1.0,4.0,2020-2021,Germany
895,44636,2021-11-15,Northern Ireland,Italy,0.0,0.0,2020-2021,Draw
896,44637,2021-11-15,Switzerland,Bulgaria,4.0,0.0,2020-2021,Switzerland
897,44638,2021-11-15,Scotland,Denmark,2.0,0.0,2020-2021,Scotland
898,44639,2021-11-15,Austria,Moldova,4.0,1.0,2020-2021,Austria
899,44641,2021-11-15,Albania,Andorra,1.0,0.0,2020-2021,Albania
900,44642,2021-11-15,Poland,Hungary,1.0,2.0,2020-2021,Hungary
901,44671,2021-11-16,Bosnia,Ukraine,0.0,2.0,2020-2021,Ukraine
902,44672,2021-11-16,Finland,France,0.0,2.0,2020-2021,France
903,44673,2021-11-16,Wales,Belgium,1.0,1.0,2020-2021,Draw
904,44674,2021-11-16,Czechia,Estonia,2.0,0.0,2020-2021,Czechia
905,44677,2021-11-16,Netherlands,Norway,2.0,0.0,2020-2021,Netherlands
906,44902,2022-03-24,Italy,North Macedonia,0.0,1.0,2021-2022,North Macedonia
907,44903,2022-03-24,Portugal,Turkey,3.0,1.0,2021-2022,Portugal
908,44904,2022-03-24,Sweden,Czechia,1.0,0.0,2021-2022,Sweden
909,44905,2022-03-24,Wales,Austria,2.0,1.0,2021-2022,Wales
910,44908,2022-03-24,Hungary,Serbia,0.0,1.0,2021-2022,Serbia
911,44912,2022-03-24,Scotland,Poland,1.0,1.0,2021-2022,Draw
912,44915,2022-03-24,Estonia,Cyprus,0.0,0.0,2021-2022,Draw
913,44925,2022-03-25,Bosnia,Georgia,0.0,1.0,2021-2022,Georgia
914,44931,2022-03-25,Luxembourg,Northern Ireland,1.0,3.0,2021-2022,Northern Ireland
915,44933,2022-03-25,Norway,Slovakia,2.0,0.0,2021-2022,Norway
916,44945,2022-03-26,Croatia,Slovenia,1.0,1.0,2021-2022,Draw
917,44946,2022-03-26,England,Switzerland,2.0,1.0,2021-2022,England
918,44947,2022-03-26,Finland,Iceland,1.0,1.0,2021-2022,Draw
919,44952,2022-03-26,Netherlands,Denmark,4.0,2.0,2021-2022,Netherlands
920,44954,2022-03-26,Republic of Ireland,Belgium,2.0,2.0,2021-2022,Draw
921,44956,2022-03-26,Spain,Albania,2.0,1.0,2021-2022,Spain
922,44994,2022-03-29,Poland,Sweden,2.0,0.0,2021-2022,Poland
923,44995,2022-03-29,Portugal,North Macedonia,2.0,0.0,2021-2022,Portugal
924,44996,2022-03-29,Albania,Georgia,0.0,0.0,2021-2022,Draw
925,44998,2022-03-29,Austria,Scotland,2.0,2.0,2021-2022,Draw
926,45003,2022-03-29,Bosnia,Luxembourg,1.0,0.0,2021-2022,Bosnia
927,45005,2022-03-29,Croatia,Bulgaria,2.0,1.0,2021-2022,Croatia
928,45006,2022-03-29,Denmark,Serbia,3.0,0.0,2021-2022,Denmark
929,45009,2022-03-29,Finland,Slovakia,0.0,2.0,2021-2022,Slovakia
930,45015,2022-03-29,Netherlands,Germany,1.0,1.0,2021-2022,Draw
931,45016,2022-03-29,Northern Ireland,Hungary,0.0,1.0,2021-2022,Hungary
932,45017,2022-03-29,Norway,Armenia,9.0,0.0,2021-2022,Norway
933,45021,2022-03-29,Spain,Iceland,5.0,0.0,2021-2022,Spain
934,45022,2022-03-29,Switzerland,Kosovo,1.0,1.0,2021-2022,Draw
935,45026,2022-03-29,Turkey,Italy,2.0,3.0,2021-2022,Italy
936,45027,2022-03-29,Wales,Czechia,1.0,1.0,2021-2022,Draw
937,45030,2022-03-29,Cyprus,Estonia,2.0,0.0,2021-2022,Cyprus
938,45064,2022-06-01,Scotland,Ukraine,1.0,3.0,2021-2022,Ukraine
939,45068,2022-06-01,Poland,Wales,2.0,1.0,2021-2022,Poland
940,45085,2022-06-02,Czechia,Switzerland,2.0,1.0,2021-2022,Czechia
941,45086,2022-06-02,Spain,Portugal,1.0,1.0,2021-2022,Draw
942,45088,2022-06-02,Serbia,Norway,0.0,1.0,2021-2022,Norway
943,45089,2022-06-02,Slovenia,Sweden,0.0,2.0,2021-2022,Sweden
944,45091,2022-06-02,Cyprus,Kosovo,0.0,2.0,2021-2022,Kosovo
945,45093,2022-06-02,Bulgaria,North Macedonia,1.0,1.0,2021-2022,Draw
946,45111,2022-06-03,Croatia,Austria,0.0,3.0,2021-2022,Austria
947,45112,2022-06-03,France,Denmark,1.0,2.0,2021-2022,Denmark
948,45113,2022-06-03,Belgium,Netherlands,1.0,4.0,2021-2022,Netherlands
949,45115,2022-06-03,Belarus,Slovakia,0.0,1.0,2021-2022,Slovakia
950,45116,2022-06-03,Liechtenstein,Moldova,0.0,2.0,2021-2022,Moldova
951,45117,2022-06-03,Latvia,Andorra,3.0,0.0,2021-2022,Latvia
952,45131,2022-06-04,Hungary,England,1.0,0.0,2021-2022,Hungary
953,45132,2022-06-04,Italy,Germany,1.0,1.0,2021-2022,Draw
954,45133,2022-06-04,Armenia,Republic of Ireland,1.0,0.0,2021-2022,Armenia
955,45134,2022-06-04,Finland,Bosnia,1.0,1.0,2021-2022,Draw
956,45138,2022-06-05,Wales,Ukraine,1.0,0.0,2021-2022,Wales
957,45150,2022-06-05,Portugal,Switzerland,4.0,0.0,2021-2022,Portugal
958,45151,2022-06-05,Czechia,Spain,2.0,2.0,2021-2022,Draw
959,45152,2022-06-05,Serbia,Slovenia,4.0,1.0,2021-2022,Serbia
960,45153,2022-06-05,Sweden,Norway,1.0,2.0,2021-2022,Norway
961,45154,2022-06-05,Cyprus,Northern Ireland,0.0,0.0,2021-2022,Draw
962,45157,2022-06-05,Bulgaria,Georgia,2.0,5.0,2021-2022,Georgia
963,45172,2022-06-06,Austria,Denmark,1.0,2.0,2021-2022,Denmark
964,45173,2022-06-06,Croatia,France,1.0,1.0,2021-2022,Draw
965,45174,2022-06-06,Iceland,Albania,1.0,1.0,2021-2022,Draw
966,45177,2022-06-06,Latvia,Liechtenstein,1.0,0.0,2021-2022,Latvia
967,45178,2022-06-06,Andorra,Moldova,0.0,0.0,2021-2022,Draw
968,45189,2022-06-07,Germany,England,1.0,1.0,2021-2022,Draw
969,45190,2022-06-07,Italy,Hungary,2.0,1.0,2021-2022,Italy
970,45192,2022-06-07,Bosnia,Romania,1.0,0.0,2021-2022,Bosnia
971,45214,2022-06-08,Wales,Netherlands,1.0,2.0,2021-2022,Netherlands
972,45215,2022-06-08,Belgium,Poland,6.0,1.0,2021-2022,Belgium
973,45216,2022-06-08,Republic of Ireland,Ukraine,0.0,1.0,2021-2022,Ukraine
974,45217,2022-06-08,Scotland,Armenia,2.0,0.0,2021-2022,Scotland
975,45234,2022-06-09,Portugal,Czechia,2.0,0.0,2021-2022,Portugal
976,45235,2022-06-09,Switzerland,Spain,0.0,1.0,2021-2022,Spain
977,45236,2022-06-09,Norway,Slovenia,0.0,0.0,2021-2022,Draw
978,45237,2022-06-09,Sweden,Serbia,0.0,1.0,2021-2022,Serbia
979,45238,2022-06-09,Kosovo,Northern Ireland,3.0,2.0,2021-2022,Kosovo
980,45241,2022-06-09,North Macedonia,Georgia,0.0,3.0,2021-2022,Georgia
981,45250,2022-06-10,Austria,France,1.0,1.0,2021-2022,Draw
982,45251,2022-06-10,Denmark,Croatia,0.0,1.0,2021-2022,Croatia
983,45255,2022-06-10,Moldova,Latvia,2.0,4.0,2021-2022,Latvia
984,45256,2022-06-10,Andorra,Liechtenstein,2.0,1.0,2021-2022,Andorra
985,45277,2022-06-11,England,Italy,0.0,0.0,2021-2022,Draw
986,45278,2022-06-11,Hungary,Germany,1.0,1.0,2021-2022,Draw
987,45279,2022-06-11,Wales,Belgium,1.0,1.0,2021-2022,Draw
988,45280,2022-06-11,Netherlands,Poland,2.0,2.0,2021-2022,Draw
989,45281,2022-06-11,Ukraine,Armenia,3.0,0.0,2021-2022,Ukraine
990,45282,2022-06-11,Republic of Ireland,Scotland,3.0,0.0,2021-2022,Republic of Ireland
991,45284,2022-06-11,Romania,Finland,1.0,0.0,2021-2022,Romania
992,45286,2022-06-11,Luxembourg,Turkey,0.0,2.0,2021-2022,Turkey
993,45295,2022-06-12,Spain,Czechia,2.0,0.0,2021-2022,Spain
994,45296,2022-06-12,Switzerland,Portugal,1.0,0.0,2021-2022,Switzerland
995,45297,2022-06-12,Norway,Sweden,3.0,2.0,2021-2022,Norway
996,45298,2022-06-12,Slovenia,Serbia,2.0,2.0,2021-2022,Draw
997,45299,2022-06-12,Northern Ireland,Cyprus,2.0,2.0,2021-2022,Draw
998,45302,2022-06-12,Georgia,Bulgaria,0.0,0.0,2021-2022,Draw
999,45313,2022-06-13,Denmark,Austria,2.0,0.0,2021-2022,Denmark
1000,45314,2022-06-13,France,Croatia,0.0,1.0,2021-2022,Croatia
1001,45318,2022-06-13,Albania,Estonia,0.0,0.0,2021-2022,Draw
1002,45338,2022-06-14,England,Hungary,0.0,4.0,2021-2022,Hungary
1003,45339,2022-06-14,Germany,Italy,5.0,2.0,2021-2022,Germany
1004,45340,2022-06-14,Netherlands,Wales,3.0,2.0,2021-2022,Netherlands
1005,45341,2022-06-14,Poland,Belgium,0.0,1.0,2021-2022,Belgium
1006,45342,2022-06-14,Armenia,Scotland,1.0,4.0,2021-2022,Scotland
1007,45343,2022-06-14,Ukraine,Republic of Ireland,1.0,1.0,2021-2022,Draw
1008,45344,2022-06-14,Bosnia,Finland,3.0,2.0,2021-2022,Bosnia
1009,45348,2022-06-14,Moldova,Andorra,2.0,1.0,2021-2022,Moldova
1010,45349,2022-06-14,Liechtenstein,Latvia,0.0,2.0,2021-2022,Latvia
1011,45395,2022-09-21,Scotland,Ukraine,3.0,0.0,2021-2022,Scotland
1012,45403,2022-09-22,Croatia,Denmark,2.0,1.0,2021-2022,Croatia
1013,45404,2022-09-22,France,Austria,2.0,0.0,2021-2022,France
1014,45405,2022-09-22,Belgium,Wales,2.0,1.0,2021-2022,Belgium
1015,45406,2022-09-22,Poland,Netherlands,0.0,2.0,2021-2022,Netherlands
1016,45408,2022-09-22,Turkey,Luxembourg,3.0,3.0,2021-2022,Draw
1017,45411,2022-09-22,Latvia,Moldova,1.0,2.0,2021-2022,Moldova
1018,45412,2022-09-22,Liechtenstein,Andorra,0.0,2.0,2021-2022,Andorra
1019,45431,2022-09-23,Germany,Hungary,0.0,1.0,2021-2022,Hungary
1020,45432,2022-09-23,Italy,England,1.0,0.0,2021-2022,Italy
1021,45434,2022-09-23,Finland,Romania,1.0,1.0,2021-2022,Draw
1022,45435,2022-09-23,Georgia,North Macedonia,2.0,0.0,2021-2022,Georgia
1023,45454,2022-09-24,Czechia,Portugal,0.0,4.0,2021-2022,Portugal
1024,45455,2022-09-24,Spain,Switzerland,1.0,2.0,2021-2022,Switzerland
1025,45456,2022-09-24,Armenia,Ukraine,0.0,5.0,2021-2022,Ukraine
1026,45457,2022-09-24,Scotland,Republic of Ireland,2.0,1.0,2021-2022,Scotland
1027,45459,2022-09-24,Slovenia,Norway,2.0,1.0,2021-2022,Slovenia
1028,45460,2022-09-24,Serbia,Sweden,4.0,1.0,2021-2022,Serbia
1029,45461,2022-09-24,Northern Ireland,Kosovo,2.0,1.0,2021-2022,Northern Ireland
1030,45467,2022-09-25,Austria,Croatia,1.0,3.0,2021-2022,Croatia
1031,45468,2022-09-25,Denmark,France,2.0,0.0,2021-2022,Denmark
1032,45469,2022-09-25,Wales,Poland,0.0,1.0,2021-2022,Poland
1033,45470,2022-09-25,Netherlands,Belgium,1.0,0.0,2021-2022,Netherlands
1034,45473,2022-09-25,Slovakia,Belarus,1.0,1.0,2021-2022,Draw
1035,45475,2022-09-25,Andorra,Latvia,1.0,1.0,2021-2022,Draw
1036,45476,2022-09-25,Moldova,Liechtenstein,2.0,0.0,2021-2022,Moldova
1037,45480,2022-09-26,England,Germany,3.0,3.0,2021-2022,Draw
1038,45481,2022-09-26,Hungary,Italy,0.0,2.0,2021-2022,Italy
1039,45483,2022-09-26,Romania,Bosnia,4.0,1.0,2021-2022,Romania
1040,45485,2022-09-26,North Macedonia,Bulgaria,0.0,1.0,2021-2022,Bulgaria
1041,45519,2022-09-27,Portugal,Spain,0.0,1.0,2021-2022,Spain
1042,45520,2022-09-27,Switzerland,Czechia,2.0,1.0,2021-2022,Switzerland
1043,45521,2022-09-27,Republic of Ireland,Armenia,3.0,2.0,2021-2022,Republic of Ireland
1044,45522,2022-09-27,Ukraine,Scotland,0.0,0.0,2021-2022,Draw
1045,45523,2022-09-27,Albania,Iceland,1.0,1.0,2021-2022,Draw
1046,45524,2022-09-27,Norway,Serbia,0.0,2.0,2021-2022,Serbia
1047,45525,2022-09-27,Sweden,Slovenia,1.0,1.0,2021-2022,Draw
1048,45526,2022-09-27,Kosovo,Cyprus,5.0,1.0,2021-2022,Kosovo
1049,45551,2022-11-16,Albania,Italy,1.0,3.0,2021-2022,Italy
1050,45553,2022-11-16,Andorra,Austria,0.0,1.0,2021-2022,Austria
1051,45554,2022-11-16,Cyprus,Bulgaria,0.0,2.0,2021-2022,Bulgaria
1052,45560,2022-11-16,Kosovo,Armenia,2.0,2.0,2021-2022,Draw
1053,45569,2022-11-16,Turkey,Scotland,2.0,1.0,2021-2022,Turkey
1054,45573,2022-11-16,Latvia,Estonia,1.0,1.0,2021-2022,Draw
1055,45579,2022-11-17,Luxembourg,Hungary,2.0,2.0,2021-2022,Draw
1056,45584,2022-11-17,North Macedonia,Finland,1.0,1.0,2021-2022,Draw
1057,45586,2022-11-17,Republic of Ireland,Norway,1.0,2.0,2021-2022,Norway
1058,45587,2022-11-17,Romania,Slovenia,1.0,2.0,2021-2022,Slovenia
1059,45598,2022-11-19,Albania,Armenia,2.0,0.0,2021-2022,Albania
1060,45608,2022-11-19,Turkey,Czechia,2.0,1.0,2021-2022,Turkey
1061,45611,2022-11-19,Latvia,Iceland,1.0,1.0,2021-2022,Draw
1062,45612,2022-11-20,Austria,Italy,2.0,0.0,2021-2022,Austria
1063,45616,2022-11-20,Luxembourg,Bulgaria,0.0,0.0,2021-2022,Draw
1064,45618,2022-11-20,Moldova,Romania,0.0,5.0,2021-2022,Romania
1065,45621,2022-11-20,Norway,Finland,1.0,1.0,2021-2022,Draw
1066,45652,2022-11-26,France,Denmark,2.0,1.0,2021-2022,France
1067,45654,2022-11-27,Spain,Germany,1.0,1.0,2021-2022,Draw
1068,45663,2022-11-29,Wales,England,0.0,3.0,2021-2022,England
1069,45671,2022-12-01,Croatia,Belgium,0.0,0.0,2021-2022,Draw
1070,45673,2022-12-02,Serbia,Switzerland,2.0,3.0,2021-2022,Switzerland
1071,45679,2022-12-04,France,Poland,3.0,1.0,2021-2022,France
1072,45684,2022-12-06,Portugal,Switzerland,6.0,1.0,2021-2022,Portugal
1073,45689,2022-12-10,England,France,1.0,2.0,2021-2022,France
1074,45729,2023-01-08,Iceland,Estonia,1.0,1.0,2022-2023,Draw
1075,45730,2023-01-09,Sweden,Finland,2.0,0.0,2022-2023,Sweden
1076,45737,2023-01-12,Finland,Estonia,0.0,1.0,2022-2023,Estonia
1077,45738,2023-01-12,Sweden,Iceland,2.0,1.0,2022-2023,Sweden
1078,45767,2023-03-22,Republic of Ireland,Latvia,3.0,2.0,2022-2023,Republic of Ireland
1079,45772,2023-03-23,Hungary,Estonia,1.0,0.0,2022-2023,Hungary
1080,45783,2023-03-23,Italy,England,1.0,2.0,2022-2023,England
1081,45785,2023-03-23,Denmark,Finland,3.0,1.0,2022-2023,Denmark
1082,45788,2023-03-23,Portugal,Liechtenstein,4.0,0.0,2022-2023,Portugal
1083,45789,2023-03-23,Bosnia,Iceland,3.0,0.0,2022-2023,Bosnia
1084,45790,2023-03-23,Slovakia,Luxembourg,0.0,0.0,2022-2023,Draw
1085,45819,2023-03-24,France,Netherlands,4.0,0.0,2022-2023,France
1086,45820,2023-03-24,Czechia,Poland,3.0,1.0,2022-2023,Czechia
1087,45823,2023-03-24,Sweden,Belgium,0.0,3.0,2022-2023,Belgium
1088,45841,2023-03-25,Scotland,Cyprus,3.0,0.0,2022-2023,Scotland
1089,45842,2023-03-25,Spain,Norway,3.0,0.0,2022-2023,Spain
1090,45843,2023-03-25,Croatia,Wales,1.0,1.0,2022-2023,Draw
1091,45844,2023-03-25,Armenia,Turkey,1.0,2.0,2022-2023,Turkey
1092,45845,2023-03-25,Belarus,Switzerland,0.0,5.0,2022-2023,Switzerland
1093,45847,2023-03-25,Andorra,Romania,0.0,2.0,2022-2023,Romania
1094,45860,2023-03-26,England,Ukraine,2.0,0.0,2022-2023,England
1095,45864,2023-03-26,Northern Ireland,Finland,0.0,1.0,2022-2023,Finland
1096,45865,2023-03-26,Liechtenstein,Iceland,0.0,7.0,2022-2023,Iceland
1097,45866,2023-03-26,Luxembourg,Portugal,0.0,6.0,2022-2023,Portugal
1098,45867,2023-03-26,Slovakia,Bosnia,2.0,0.0,2022-2023,Slovakia
1099,45883,2023-03-27,Republic of Ireland,France,0.0,1.0,2022-2023,France
1100,45885,2023-03-27,Poland,Albania,1.0,0.0,2022-2023,Poland
1101,45886,2023-03-27,Moldova,Czechia,0.0,0.0,2022-2023,Draw
1102,45887,2023-03-27,Austria,Estonia,2.0,1.0,2022-2023,Austria
1103,45889,2023-03-27,Hungary,Bulgaria,3.0,0.0,2022-2023,Hungary
1104,45899,2023-03-28,Armenia,Cyprus,2.0,2.0,2022-2023,Draw
1105,45903,2023-03-28,Germany,Belgium,2.0,3.0,2022-2023,Belgium
1106,45929,2023-03-28,Scotland,Spain,2.0,0.0,2022-2023,Scotland
1107,45930,2023-03-28,Georgia,Norway,1.0,1.0,2022-2023,Draw
1108,45931,2023-03-28,Wales,Latvia,1.0,0.0,2022-2023,Wales
1109,45932,2023-03-28,Turkey,Croatia,0.0,2.0,2022-2023,Croatia
1110,45933,2023-03-28,Kosovo,Andorra,1.0,1.0,2022-2023,Draw
1111,45935,2023-03-28,Romania,Belarus,2.0,1.0,2022-2023,Romania
1112,45954,2023-06-12,Germany,Ukraine,3.0,3.0,2022-2023,Draw
1113,45964,2023-06-14,Netherlands,Croatia,2.0,4.0,2022-2023,Croatia
1114,45982,2023-06-15,Spain,Italy,2.0,1.0,2022-2023,Spain
1115,45991,2023-06-16,Poland,Germany,1.0,0.0,2022-2023,Poland
1116,45998,2023-06-16,North Macedonia,Ukraine,2.0,3.0,2022-2023,Ukraine
1117,45999,2023-06-16,Wales,Armenia,2.0,4.0,2022-2023,Armenia
1118,46000,2023-06-16,Latvia,Turkey,2.0,3.0,2022-2023,Turkey
1119,46001,2023-06-16,Finland,Slovenia,2.0,0.0,2022-2023,Finland
1120,46002,2023-06-16,Denmark,Northern Ireland,1.0,0.0,2022-2023,Denmark
1121,46004,2023-06-16,Andorra,Switzerland,1.0,2.0,2022-2023,Switzerland
1122,46006,2023-06-16,Kosovo,Romania,0.0,0.0,2022-2023,Draw
1123,46013,2023-06-17,Norway,Scotland,1.0,2.0,2022-2023,Scotland
1124,46014,2023-06-17,Cyprus,Georgia,1.0,2.0,2022-2023,Georgia
1125,46016,2023-06-17,Albania,Moldova,2.0,0.0,2022-2023,Albania
1126,46018,2023-06-17,Belgium,Austria,1.0,1.0,2022-2023,Draw
1127,46021,2023-06-17,Luxembourg,Liechtenstein,2.0,0.0,2022-2023,Luxembourg
1128,46022,2023-06-17,Iceland,Slovakia,1.0,2.0,2022-2023,Slovakia
1129,46023,2023-06-17,Portugal,Bosnia,3.0,0.0,2022-2023,Portugal
1130,46041,2023-06-18,Netherlands,Italy,2.0,3.0,2022-2023,Italy
1131,46042,2023-06-18,Croatia,Spain,0.0,0.0,2022-2023,Draw
1132,46061,2023-06-19,England,North Macedonia,7.0,0.0,2022-2023,England
1133,46062,2023-06-19,Armenia,Latvia,2.0,1.0,2022-2023,Armenia
1134,46063,2023-06-19,Turkey,Wales,2.0,0.0,2022-2023,Turkey
1135,46066,2023-06-19,Slovenia,Denmark,1.0,1.0,2022-2023,Draw
1136,46067,2023-06-19,Belarus,Kosovo,2.0,1.0,2022-2023,Belarus
1137,46068,2023-06-19,Switzerland,Romania,2.0,2.0,2022-2023,Draw
1138,46086,2023-06-20,Scotland,Georgia,2.0,0.0,2022-2023,Scotland
1139,46087,2023-06-20,Norway,Cyprus,3.0,1.0,2022-2023,Norway
1140,46089,2023-06-20,Moldova,Poland,3.0,2.0,2022-2023,Moldova
1141,46090,2023-06-20,Austria,Sweden,2.0,0.0,2022-2023,Austria
1142,46091,2023-06-20,Estonia,Belgium,0.0,3.0,2022-2023,Belgium
1143,46093,2023-06-20,Bulgaria,Serbia,1.0,1.0,2022-2023,Draw
1144,46094,2023-06-20,Iceland,Portugal,0.0,1.0,2022-2023,Portugal
1145,46095,2023-06-20,Bosnia,Luxembourg,0.0,2.0,2022-2023,Luxembourg
1146,46096,2023-06-20,Liechtenstein,Slovakia,0.0,1.0,2022-2023,Slovakia
1147,46240,2023-09-07,Austria,Moldova,1.0,1.0,2022-2023,Draw
1148,46253,2023-09-07,France,Republic of Ireland,2.0,0.0,2022-2023,France
1149,46255,2023-09-07,Czechia,Albania,1.0,1.0,2022-2023,Draw
1150,46257,2023-09-07,Serbia,Hungary,1.0,2.0,2022-2023,Hungary
1151,46261,2023-09-07,Slovenia,Northern Ireland,4.0,2.0,2022-2023,Slovenia
1152,46281,2023-09-08,Georgia,Spain,1.0,7.0,2022-2023,Spain
1153,46282,2023-09-08,Cyprus,Scotland,0.0,3.0,2022-2023,Scotland
1154,46283,2023-09-08,Croatia,Latvia,5.0,0.0,2022-2023,Croatia
1155,46284,2023-09-08,Turkey,Armenia,1.0,1.0,2022-2023,Draw
1156,46285,2023-09-08,Bosnia,Liechtenstein,2.0,1.0,2022-2023,Bosnia
1157,46286,2023-09-08,Luxembourg,Iceland,3.0,1.0,2022-2023,Luxembourg
1158,46287,2023-09-08,Slovakia,Portugal,0.0,1.0,2022-2023,Portugal
1159,46302,2023-09-09,Ukraine,England,1.0,1.0,2022-2023,Draw
1160,46303,2023-09-09,North Macedonia,Italy,1.0,1.0,2022-2023,Draw
1161,46305,2023-09-09,Estonia,Sweden,0.0,5.0,2022-2023,Sweden
1162,46306,2023-09-09,Andorra,Belarus,0.0,0.0,2022-2023,Draw
1163,46307,2023-09-09,Kosovo,Switzerland,2.0,2.0,2022-2023,Draw
1164,46314,2023-09-10,Hungary,Czechia,1.0,1.0,2022-2023,Draw
1165,46318,2023-09-10,Republic of Ireland,Netherlands,1.0,2.0,2022-2023,Netherlands
1166,46321,2023-09-10,Albania,Poland,2.0,0.0,2022-2023,Albania
1167,46324,2023-09-10,Finland,Denmark,0.0,1.0,2022-2023,Denmark
1168,46339,2023-09-11,Armenia,Croatia,0.0,1.0,2022-2023,Croatia
1169,46340,2023-09-11,Latvia,Wales,0.0,2.0,2022-2023,Wales
1170,46341,2023-09-11,Iceland,Bosnia,1.0,0.0,2022-2023,Iceland
1171,46342,2023-09-11,Portugal,Luxembourg,9.0,0.0,2022-2023,Portugal
1172,46343,2023-09-11,Slovakia,Liechtenstein,3.0,0.0,2022-2023,Slovakia
1173,46361,2023-09-12,Germany,France,2.0,1.0,2022-2023,Germany
1174,46371,2023-09-12,Scotland,England,1.0,3.0,2022-2023,England
1175,46378,2023-09-12,Norway,Georgia,2.0,1.0,2022-2023,Norway
1176,46379,2023-09-12,Spain,Cyprus,6.0,0.0,2022-2023,Spain
1177,46380,2023-09-12,Italy,Ukraine,2.0,1.0,2022-2023,Italy
1178,46382,2023-09-12,Belgium,Estonia,5.0,0.0,2022-2023,Belgium
1179,46383,2023-09-12,Sweden,Austria,1.0,3.0,2022-2023,Austria
1180,46384,2023-09-12,Switzerland,Andorra,3.0,0.0,2022-2023,Switzerland
1181,46386,2023-09-12,Romania,Kosovo,2.0,0.0,2022-2023,Romania
1182,46421,2023-10-12,Sweden,Moldova,3.0,1.0,2022-2023,Sweden
1183,46422,2023-10-12,Spain,Scotland,2.0,0.0,2022-2023,Spain
1184,46423,2023-10-12,Cyprus,Norway,0.0,4.0,2022-2023,Norway
1185,46424,2023-10-12,Latvia,Armenia,2.0,0.0,2022-2023,Latvia
1186,46425,2023-10-12,Croatia,Turkey,0.0,1.0,2022-2023,Turkey
1187,46427,2023-10-12,Albania,Czechia,3.0,0.0,2022-2023,Albania
1188,46428,2023-10-12,Andorra,Kosovo,0.0,3.0,2022-2023,Kosovo
1189,46429,2023-10-12,Belarus,Romania,0.0,0.0,2022-2023,Draw
1190,46449,2023-10-13,Netherlands,France,1.0,2.0,2022-2023,France
1191,46451,2023-10-13,Austria,Belgium,2.0,3.0,2022-2023,Belgium
1192,46452,2023-10-13,Iceland,Luxembourg,1.0,1.0,2022-2023,Draw
1193,46453,2023-10-13,Portugal,Slovakia,3.0,2.0,2022-2023,Portugal
1194,46454,2023-10-13,Liechtenstein,Bosnia,0.0,2.0,2022-2023,Bosnia
1195,46466,2023-10-14,Ukraine,North Macedonia,2.0,0.0,2022-2023,Ukraine
1196,46469,2023-10-14,Hungary,Serbia,2.0,1.0,2022-2023,Hungary
1197,46471,2023-10-14,Slovenia,Finland,3.0,0.0,2022-2023,Slovenia
1198,46482,2023-10-15,Georgia,Cyprus,4.0,0.0,2022-2023,Georgia
1199,46483,2023-10-15,Norway,Spain,0.0,1.0,2022-2023,Spain
1200,46484,2023-10-15,Wales,Croatia,2.0,1.0,2022-2023,Wales
1201,46485,2023-10-15,Turkey,Latvia,4.0,0.0,2022-2023,Turkey
1202,46487,2023-10-15,Poland,Moldova,1.0,1.0,2022-2023,Draw
1203,46488,2023-10-15,Switzerland,Belarus,3.0,3.0,2022-2023,Draw
1204,46489,2023-10-15,Romania,Andorra,4.0,0.0,2022-2023,Romania
1205,46504,2023-10-16,Belgium,Sweden,1.0,1.0,2022-2023,Draw
1206,46505,2023-10-16,Iceland,Liechtenstein,4.0,0.0,2022-2023,Iceland
1207,46506,2023-10-16,Bosnia,Portugal,0.0,5.0,2022-2023,Portugal
1208,46507,2023-10-16,Luxembourg,Slovakia,0.0,1.0,2022-2023,Slovakia
1209,46530,2023-10-17,Albania,Bulgaria,2.0,0.0,2022-2023,Albania
1210,46538,2023-10-17,France,Scotland,4.0,1.0,2022-2023,France
1211,46545,2023-10-17,North Macedonia,Armenia,3.0,1.0,2022-2023,North Macedonia
1212,46553,2023-10-17,England,Italy,3.0,1.0,2022-2023,England
1213,46558,2023-10-17,Northern Ireland,Slovenia,0.0,1.0,2022-2023,Slovenia
1214,46567,2023-11-15,Belgium,Serbia,1.0,0.0,2022-2023,Belgium
1215,46608,2023-11-16,Cyprus,Spain,1.0,3.0,2022-2023,Spain
1216,46609,2023-11-16,Georgia,Scotland,2.0,2.0,2022-2023,Draw
1217,46610,2023-11-16,Estonia,Austria,0.0,2.0,2022-2023,Austria
1218,46612,2023-11-16,Bulgaria,Hungary,2.0,2.0,2022-2023,Draw
1219,46614,2023-11-16,Liechtenstein,Portugal,0.0,2.0,2022-2023,Portugal
1220,46615,2023-11-16,Luxembourg,Bosnia,4.0,1.0,2022-2023,Luxembourg
1221,46616,2023-11-16,Slovakia,Iceland,4.0,2.0,2022-2023,Slovakia
1222,46635,2023-11-17,Italy,North Macedonia,5.0,2.0,2022-2023,Italy
1223,46636,2023-11-17,Moldova,Albania,1.0,1.0,2022-2023,Draw
1224,46637,2023-11-17,Poland,Czechia,1.0,1.0,2022-2023,Draw
1225,46638,2023-11-17,Finland,Northern Ireland,4.0,0.0,2022-2023,Finland
1226,46639,2023-11-17,Denmark,Slovenia,2.0,1.0,2022-2023,Denmark
1227,46649,2023-11-18,Germany,Turkey,2.0,3.0,2022-2023,Turkey
1228,46651,2023-11-18,Netherlands,Republic of Ireland,1.0,0.0,2022-2023,Netherlands
1229,46652,2023-11-18,Armenia,Wales,1.0,1.0,2022-2023,Draw
1230,46653,2023-11-18,Latvia,Croatia,0.0,2.0,2022-2023,Croatia
1231,46654,2023-11-18,Belarus,Andorra,1.0,0.0,2022-2023,Belarus
1232,46655,2023-11-18,Switzerland,Kosovo,1.0,1.0,2022-2023,Draw
1233,46667,2023-11-19,Scotland,Norway,3.0,3.0,2022-2023,Draw
1234,46668,2023-11-19,Spain,Georgia,3.0,1.0,2022-2023,Spain
1235,46670,2023-11-19,Sweden,Estonia,2.0,0.0,2022-2023,Sweden
1236,46672,2023-11-19,Serbia,Bulgaria,2.0,2.0,2022-2023,Draw
1237,46673,2023-11-19,Portugal,Iceland,2.0,0.0,2022-2023,Portugal
1238,46674,2023-11-19,Bosnia,Slovakia,1.0,2.0,2022-2023,Slovakia
1239,46675,2023-11-19,Liechtenstein,Luxembourg,0.0,1.0,2022-2023,Luxembourg
1240,46689,2023-11-20,North Macedonia,England,1.0,1.0,2022-2023,Draw
1241,46690,2023-11-20,Ukraine,Italy,0.0,0.0,2022-2023,Draw
1242,46692,2023-11-20,Czechia,Moldova,3.0,0.0,2022-2023,Czechia
1243,46693,2023-11-20,Northern Ireland,Denmark,2.0,0.0,2022-2023,Northern Ireland
1244,46744,2023-11-21,Austria,Germany,2.0,0.0,2022-2023,Austria
1245,46745,2023-11-21,Poland,Latvia,2.0,0.0,2022-2023,Poland
1246,46749,2023-11-21,Wales,Turkey,1.0,1.0,2022-2023,Draw
1247,46750,2023-11-21,Croatia,Armenia,1.0,0.0,2022-2023,Croatia
1248,46752,2023-11-21,Kosovo,Belarus,0.0,1.0,2022-2023,Belarus
1249,46753,2023-11-21,Romania,Switzerland,1.0,0.0,2022-2023,Romania
1250,46813,2024-01-12,Sweden,Estonia,2.0,1.0,2023-2024,Sweden
1251,46933,2024-03-21,Poland,Estonia,5.0,1.0,2023-2024,Poland
1252,46934,2024-03-21,Wales,Finland,4.0,1.0,2023-2024,Wales
1253,46936,2024-03-21,Bosnia,Ukraine,1.0,2.0,2023-2024,Ukraine
1254,46937,2024-03-21,Georgia,Luxembourg,2.0,0.0,2023-2024,Georgia
1255,46958,2024-03-21,Cyprus,Latvia,1.0,1.0,2023-2024,Draw
1256,46963,2024-03-21,Portugal,Sweden,5.0,2.0,2023-2024,Portugal
1257,46978,2024-03-22,Armenia,Kosovo,0.0,1.0,2023-2024,Kosovo
1258,46981,2024-03-22,Hungary,Turkey,1.0,0.0,2023-2024,Hungary
1259,46985,2024-03-22,Netherlands,Scotland,4.0,0.0,2023-2024,Netherlands
1260,46988,2024-03-22,North Macedonia,Moldova,1.0,1.0,2023-2024,Draw
1261,46989,2024-03-22,Norway,Czechia,1.0,2.0,2023-2024,Czechia
1262,46991,2024-03-22,Romania,Northern Ireland,1.0,1.0,2023-2024,Draw
1263,46997,2024-03-23,Denmark,Switzerland,0.0,0.0,2023-2024,Draw
1264,47000,2024-03-23,France,Germany,0.0,2.0,2023-2024,Germany
1265,47002,2024-03-23,Republic of Ireland,Belgium,0.0,0.0,2023-2024,Draw
1266,47003,2024-03-23,Slovakia,Austria,0.0,2.0,2023-2024,Austria
1267,47020,2024-03-25,Cyprus,Serbia,0.0,1.0,2023-2024,Serbia
1268,47023,2024-03-25,Sweden,Albania,1.0,0.0,2023-2024,Sweden
1269,47030,2024-03-26,Wales,Poland,0.0,0.0,2023-2024,Draw
1270,47031,2024-03-26,Ukraine,Iceland,2.0,1.0,2023-2024,Ukraine
1271,47053,2024-03-26,Austria,Turkey,6.0,1.0,2023-2024,Austria
1272,47055,2024-03-26,Czechia,Armenia,2.0,1.0,2023-2024,Czechia
1273,47058,2024-03-26,England,Belgium,2.0,2.0,2023-2024,Draw
1274,47060,2024-03-26,Germany,Netherlands,2.0,1.0,2023-2024,Germany
1275,47061,2024-03-26,Hungary,Kosovo,2.0,0.0,2023-2024,Hungary
1276,47063,2024-03-26,Latvia,Liechtenstein,1.0,1.0,2023-2024,Draw
1277,47067,2024-03-26,Norway,Slovakia,1.0,1.0,2023-2024,Draw
1278,47069,2024-03-26,Republic of Ireland,Switzerland,0.0,1.0,2023-2024,Switzerland
1279,47070,2024-03-26,Scotland,Northern Ireland,0.0,1.0,2023-2024,Northern Ireland
1280,47072,2024-03-26,Slovenia,Portugal,2.0,0.0,2023-2024,Slovenia
1281,47074,2024-03-26,Finland,Estonia,2.0,1.0,2023-2024,Finland
1282,47084,2024-06-03,Albania,Liechtenstein,3.0,0.0,2023-2024,Albania
1283,47085,2024-06-03,Croatia,North Macedonia,3.0,0.0,2023-2024,Croatia
1284,47086,2024-06-03,England,Bosnia,3.0,0.0,2023-2024,England
1285,47087,2024-06-03,Germany,Ukraine,0.0,0.0,2023-2024,Draw
1286,47089,2024-06-04,Austria,Serbia,2.0,1.0,2023-2024,Austria
1287,47090,2024-06-04,Italy,Turkey,0.0,0.0,2023-2024,Draw
1288,47091,2024-06-04,Portugal,Finland,4.0,2.0,2023-2024,Portugal
1289,47092,2024-06-04,Republic of Ireland,Hungary,2.0,1.0,2023-2024,Republic of Ireland
1290,47093,2024-06-04,Romania,Bulgaria,0.0,0.0,2023-2024,Draw
1291,47094,2024-06-04,Slovenia,Armenia,2.0,1.0,2023-2024,Slovenia
1292,47095,2024-06-04,Switzerland,Estonia,4.0,0.0,2023-2024,Switzerland
1293,47097,2024-06-05,Denmark,Sweden,2.0,1.0,2023-2024,Denmark
1294,47098,2024-06-05,France,Luxembourg,3.0,0.0,2023-2024,France
1295,47100,2024-06-05,Norway,Kosovo,3.0,0.0,2023-2024,Norway
1296,47102,2024-06-05,Spain,Andorra,5.0,0.0,2023-2024,Spain
1297,47151,2024-06-07,Belarus,Russia,0.0,4.0,2023-2024,Russia
1298,47154,2024-06-07,England,Iceland,0.0,1.0,2023-2024,Iceland
1299,47157,2024-06-07,Poland,Ukraine,3.0,1.0,2023-2024,Poland
1300,47158,2024-06-07,Romania,Liechtenstein,0.0,0.0,2023-2024,Draw
1301,47159,2024-06-07,Scotland,Finland,2.0,2.0,2023-2024,Draw
1302,47172,2024-06-08,Belgium,Luxembourg,3.0,0.0,2023-2024,Belgium
1303,47173,2024-06-08,Denmark,Norway,3.0,1.0,2023-2024,Denmark
1304,47176,2024-06-08,Moldova,Cyprus,3.0,2.0,2023-2024,Moldova
1305,47177,2024-06-08,Portugal,Croatia,1.0,2.0,2023-2024,Croatia
1306,47178,2024-06-08,Slovenia,Bulgaria,1.0,1.0,2023-2024,Draw
1307,47179,2024-06-08,Spain,Northern Ireland,5.0,1.0,2023-2024,Spain
1308,47180,2024-06-08,Sweden,Serbia,0.0,3.0,2023-2024,Serbia
1309,47181,2024-06-08,Switzerland,Austria,1.0,1.0,2023-2024,Draw
1310,47193,2024-06-09,Italy,Bosnia,1.0,0.0,2023-2024,Italy
1311,47195,2024-06-09,Slovakia,Wales,4.0,0.0,2023-2024,Slovakia
1312,47207,2024-06-10,Czechia,North Macedonia,2.0,1.0,2023-2024,Czechia
1313,47208,2024-06-10,Netherlands,Iceland,4.0,0.0,2023-2024,Netherlands
1314,47209,2024-06-10,Poland,Turkey,2.0,1.0,2023-2024,Poland
1315,47221,2024-06-11,Andorra,Northern Ireland,0.0,2.0,2023-2024,Northern Ireland
1316,47226,2024-06-11,Moldova,Ukraine,0.0,4.0,2023-2024,Ukraine
1317,47228,2024-06-11,Portugal,Republic of Ireland,3.0,0.0,2023-2024,Portugal
