year,hname,aname,hgoals,agoals,hPossesion,aPossesion,hshotsOnTarget,ashotsOnTarget,hshots,ashots,hyellowCards,ayellowCards,hredCards,aredCards,hfouls,afouls,hsaves,asaves
2002,Faroe Islands,Scotland,2,2,0,0,0,0,0,0,2,3,0,0,0,0,0,0
2002,Norway,Denmark,2,2,0,0,0,0,0,0,0,0,0,0,0,0,0,0
2002,Armenia,Ukraine,2,2,0,0,0,0,0,0,0,0,0,0,0,0,0,0
2002,Russia,Republic of Ireland,4,2,0,0,0,0,0,0,1,0,0,0,0,0,0,0
2002,Cyprus,France,1,2,0,0,0,0,0,0,1,1,0,0,0,0,0,0
2002,Finland,Wales,0,2,0,0,0,0,0,0,4,2,0,0,0,0,0,0
2002,Lithuania,Germany,0,2,0,0,0,0,0,0,1,3,0,0,0,0,0,0
2002,Azerbaijan,Italy,0,2,0,0,0,0,0,0,3,1,0,0,0,0,0,0
2002,Slovenia,Malta,3,0,0,0,0,0,0,0,0,0,0,0,0,0,0,0
2002,Netherlands,Belarus,3,0,0,0,0,0,0,0,0,3,0,1,0,0,0,0
2002,Greece,Spain,0,2,0,0,0,0,0,0,1,2,0,0,0,0,0,0
2002,Switzerland,Georgia,4,1,0,0,0,0,0,0,0,0,0,0,0,0,0,0
2002,Liechtenstein,North Macedonia,1,1,0,0,0,0,0,0,0,0,0,0,0,0,0,0
2002,Moldova,Czech Republic,0,2,0,0,0,0,0,0,1,3,1,0,0,0,0,0
2002,Iceland,Scotland,0,2,0,0,0,0,0,0,1,3,0,0,0,0,0,0
2002,Sweden,Hungary,1,1,0,0,0,0,0,0,3,3,0,0,0,0,0,0
2002,Bulgaria,Croatia,2,0,0,0,0,0,0,0,1,3,0,0,0,0,0,0
2002,Belarus,Austria,0,2,0,0,0,0,0,0,2,4,1,0,0,0,0,0
2002,Finland,Azerbaijan,3,0,0,0,0,0,0,0,1,5,0,0,0,0,0,0
2002,Lithuania,Faroe Islands,2,0,0,0,0,0,0,0,3,4,0,0,0,0,0,0
2002,Ukraine,Greece,2,0,0,0,0,0,0,0,1,1,0,0,0,0,0,0
2002,Malta,Israel,0,2,0,0,0,0,0,0,2,1,0,0,0,0,0,0
2002,North Macedonia,Turkey,1,2,0,0,0,0,0,0,5,1,0,0,0,0,0,0
2002,Poland,Latvia,0,1,0,0,0,0,0,0,0,1,0,0,0,0,0,0
2002,Romania,Norway,0,1,0,0,0,0,0,0,1,2,0,0,0,0,0,0
2002,Slovakia,England,1,2,0,0,0,0,0,0,3,2,0,0,0,0,0,0
2002,Albania,Switzerland,1,1,0,0,0,0,0,0,0,2,0,0,0,0,0,0
2002,Andorra,Belgium,0,1,0,0,0,0,0,0,2,1,0,0,0,0,0,0
2002,France,Slovenia,5,0,0,0,0,0,0,0,0,0,0,1,0,0,0,0
2002,Italy,Serbia & Montenegro,1,1,0,0,0,0,0,0,1,4,0,0,0,0,0,0
2002,Spain,Northern Ireland,3,0,0,0,0,0,0,0,1,1,0,0,0,0,0,0
2002,Czech Republic,Belarus,2,0,0,0,0,0,0,0,1,2,0,0,0,0,0,0
2002,Bulgaria,Andorra,2,1,0,0,0,0,0,0,0,3,0,1,0,0,0,0
2002,Russia,Albania,4,1,0,0,0,0,0,0,2,1,0,0,0,0,0,0
2002,Greece,Armenia,2,0,0,0,0,0,0,0,2,1,0,0,0,0,0,0
2002,Serbia & Montenegro,Finland,2,0,0,0,0,0,0,0,4,2,0,1,0,0,0,0
2002,Turkey,Liechtenstein,5,0,0,0,0,0,0,0,1,1,0,0,0,0,0,0
2002,Luxembourg,Romania,0,7,0,0,0,0,0,0,0,0,0,0,0,0,0,0
2002,Norway,Bosnia and Herzegovina,2,0,0,0,0,0,0,0,1,3,0,0,0,0,0,0
2002,Iceland,Lithuania,3,0,0,0,0,0,0,0,2,0,0,1,0,0,0,0
2002,Austria,Netherlands,0,3,0,0,0,0,0,0,2,2,1,0,0,0,0,0
2002,Estonia,Belgium,0,1,0,0,0,0,0,0,2,0,0,0,0,0,0,0
2002,Germany,Faroe Islands,2,1,0,0,0,0,0,0,1,1,0,0,0,0,0,0
2002,Hungary,San Marino,3,0,0,0,0,0,0,0,1,2,0,0,0,0,0,0
2002,Republic of Ireland,Switzerland,1,2,0,0,0,0,0,0,1,1,0,0,0,0,0,0
2002,Malta,France,0,4,0,0,0,0,0,0,1,0,0,0,0,0,0,0
2002,Wales,Italy,2,1,0,0,0,0,0,0,2,2,0,0,0,0,0,0
2002,England,North Macedonia,2,2,0,0,0,0,0,0,2,1,1,0,0,0,0,0
2002,Northern Ireland,Ukraine,0,0,0,0,0,0,0,0,1,1,0,0,0,0,0,0
2002,Azerbaijan,Wales,0,2,0,0,0,0,0,0,2,2,0,0,0,0,0,0
2002,Cyprus,Malta,2,1,0,0,0,0,0,0,1,4,0,0,0,0,0,0
2002,San Marino,Latvia,0,1,0,0,0,0,0,0,2,0,0,0,0,0,0,0
2003,Serbia & Montenegro,Azerbaijan,2,2,0,0,0,0,0,0,0,3,0,0,0,0,0,0
2003,Armenia,Northern Ireland,1,0,0,0,0,0,0,0,2,1,0,0,0,0,0,0
2003,Georgia,Republic of Ireland,1,2,0,0,0,0,0,0,1,1,0,0,0,0,0,0
2003,Scotland,Iceland,2,1,0,0,0,0,0,0,3,1,0,0,0,0,0,0
2003,Wales,Azerbaijan,4,0,0,0,0,0,0,0,0,2,0,0,0,0,0,0
2003,Albania,Russia,3,1,0,0,0,0,0,0,0,1,0,0,0,0,0,0
2003,Cyprus,Israel,1,1,0,0,0,0,0,0,0,2,0,0,0,0,0,0
2003,Romania,Denmark,2,5,0,0,0,0,0,0,3,1,0,0,0,0,0,0
2003,Belarus,Moldova,2,1,0,0,0,0,0,0,1,2,0,0,0,0,0,0
2003,Croatia,Belgium,4,0,0,0,0,0,0,0,2,2,0,0,0,0,0,0
2003,Liechtenstein,England,0,2,0,0,0,0,0,0,1,0,0,0,0,0,0,0
2003,Germany,Lithuania,1,1,0,0,0,0,0,0,2,3,0,0,0,0,0,0
2003,North Macedonia,Slovakia,0,2,0,0,0,0,0,0,3,3,0,0,0,0,0,0
2003,Ukraine,Spain,2,2,0,0,0,0,0,0,3,1,0,0,0,0,0,0
2003,Poland,Hungary,0,0,0,0,0,0,0,0,3,1,0,0,0,0,0,0
2003,Bosnia and Herzegovina,Luxembourg,2,0,0,0,0,0,0,0,2,2,0,0,0,0,0,0
2003,Netherlands,Czech Republic,1,1,0,0,0,0,0,0,2,1,0,0,0,0,0,0
2003,France,Malta,6,0,0,0,0,0,0,0,1,1,0,0,0,0,0,0
2003,Italy,Finland,2,0,0,0,0,0,0,0,0,1,0,0,0,0,0,0
2003,Estonia,Bulgaria,0,0,0,0,0,0,0,0,1,3,0,0,0,0,0,0
2003,Croatia,Andorra,2,0,0,0,0,0,0,0,2,1,0,0,0,0,0,0
2003,Georgia,Switzerland,0,0,0,0,0,0,0,0,2,1,0,0,0,0,0,0
2003,Albania,Republic of Ireland,0,0,0,0,0,0,0,0,1,0,0,0,0,0,0,0
2003,Slovakia,Liechtenstein,4,0,0,0,0,0,0,0,2,5,0,0,0,0,0,0
2003,Denmark,Bosnia and Herzegovina,0,2,0,0,0,0,0,0,1,2,0,0,0,0,0,0
2003,Israel,France,1,2,0,0,0,0,0,0,1,2,0,0,0,0,0,0
2003,Lithuania,Scotland,1,0,0,0,0,0,0,0,2,0,0,0,0,0,0,0
2003,Luxembourg,Norway,0,2,0,0,0,0,0,0,1,1,0,0,0,0,0,0
2003,Moldova,Netherlands,1,2,0,0,0,0,0,0,1,1,0,0,0,0,0,0
2003,Poland,San Marino,5,0,0,0,0,0,0,0,0,0,0,0,0,0,0,0
2003,Hungary,Sweden,1,2,0,0,0,0,0,0,1,5,0,0,0,0,0,0
2003,Slovenia,Cyprus,4,1,0,0,0,0,0,0,1,1,0,0,0,0,0,0
2003,Czech Republic,Austria,4,0,0,0,0,0,0,0,1,2,0,1,0,0,0,0
2003,England,Turkey,2,0,0,0,0,0,0,0,1,3,0,0,0,0,0,0
2003,Northern Ireland,Greece,0,2,0,0,0,0,0,0,3,3,2,0,0,0,0,0
2003,Spain,Armenia,3,0,0,0,0,0,0,0,2,1,0,0,0,0,0,0
2003,Andorra,Estonia,0,2,0,0,0,0,0,0,1,0,0,0,0,0,0,0
2003,Georgia,Russia,1,0,0,0,0,0,0,0,2,1,0,0,0,0,0,0
2003,Latvia,San Marino,3,0,0,0,0,0,0,0,1,2,0,0,0,0,0,0
2003,Israel,Cyprus,2,0,0,0,0,0,0,0,0,2,0,0,0,0,0,0
2003,Malta,Slovenia,1,3,0,0,0,0,0,0,1,1,0,0,0,0,0,0
2003,Republic of Ireland,Albania,2,1,0,0,0,0,0,0,1,2,0,0,0,0,0,0
2003,Scotland,Germany,1,1,0,0,0,0,0,0,4,3,0,0,0,0,0,0
2003,Estonia,Andorra,2,0,0,0,0,0,0,0,2,2,0,0,0,0,0,0
2003,Finland,Serbia & Montenegro,3,0,0,0,0,0,0,0,0,1,0,1,0,0,0,0
2003,Iceland,Faroe Islands,2,1,0,0,0,0,0,0,1,3,0,0,0,0,0,0
2003,Moldova,Austria,1,0,0,0,0,0,0,0,1,3,0,0,0,0,0,0
2003,Ukraine,Armenia,4,3,0,0,0,0,0,0,1,0,0,0,0,0,0,0
2003,Bulgaria,Belgium,2,2,0,0,0,0,0,0,0,1,0,0,0,0,0,0
2003,Malta,Cyprus,1,2,0,0,0,0,0,0,3,3,1,0,0,0,0,0
2003,Romania,Bosnia and Herzegovina,2,0,0,0,0,0,0,0,1,2,0,0,0,0,0,0
2003,Denmark,Norway,1,0,0,0,0,0,0,0,1,1,0,0,0,0,0,0
2003,Belarus,Netherlands,0,2,0,0,0,0,0,0,2,1,0,0,0,0,0,0
2003,North Macedonia,Liechtenstein,3,1,0,0,0,0,0,0,3,3,0,0,0,0,0,0
2003,San Marino,Sweden,1,6,0,0,0,0,0,0,1,0,0,0,0,0,0,0
2003,Hungary,Latvia,3,1,0,0,0,0,0,0,2,3,1,0,0,0,0,0
2003,Israel,Slovenia,0,0,0,0,0,0,0,0,2,6,0,0,0,0,0,0
2003,Slovakia,Turkey,0,1,0,0,0,0,0,0,2,3,0,0,0,0,0,0
2003,Switzerland,Russia,2,2,0,0,0,0,0,0,3,2,0,0,0,0,0,0
2003,Spain,Greece,0,1,0,0,0,0,0,0,3,2,0,1,0,0,0,0
2003,Azerbaijan,Serbia & Montenegro,2,1,0,0,0,0,0,0,1,4,0,0,0,0,0,0
2003,Estonia,Croatia,0,1,0,0,0,0,0,0,2,4,0,0,0,0,0,0
2003,Lithuania,Iceland,0,3,0,0,0,0,0,0,2,0,1,0,0,0,0,0
2003,Norway,Romania,1,1,0,0,0,0,0,0,0,3,0,0,0,0,0,0
2003,Finland,Italy,0,2,0,0,0,0,0,0,0,0,0,0,0,0,0,0
2003,Greece,Ukraine,1,0,0,0,0,0,0,0,0,2,0,0,0,0,0,0
2003,Luxembourg,Denmark,0,2,0,0,0,0,0,0,1,0,0,0,0,0,0,0
2003,San Marino,Hungary,0,5,0,0,0,0,0,0,3,1,0,0,0,0,0,0
2003,Sweden,Poland,3,0,0,0,0,0,0,0,2,3,0,0,0,0,0,0
2003,Turkey,North Macedonia,3,2,0,0,0,0,0,0,1,3,0,0,0,0,0,0
2003,Belgium,Andorra,3,0,0,0,0,0,0,0,1,2,0,0,0,0,0,0
2003,Czech Republic,Moldova,5,0,0,0,0,0,0,0,1,2,0,1,0,0,0,0
2003,Switzerland,Albania,3,2,0,0,0,0,0,0,1,4,0,0,0,0,0,0
2003,Austria,Belarus,5,0,0,0,0,0,0,0,1,1,0,0,0,0,0,0
2003,Republic of Ireland,Georgia,2,0,0,0,0,0,0,0,0,1,0,0,0,0,0,0
2003,Faroe Islands,Germany,0,2,0,0,0,0,0,0,3,2,0,0,0,0,0,0
2003,England,Slovakia,2,1,0,0,0,0,0,0,0,3,0,0,0,0,0,0
2003,Northern Ireland,Spain,0,0,0,0,0,0,0,0,1,1,0,0,0,0,0,0
2003,Faroe Islands,Iceland,1,2,0,0,0,0,0,0,0,1,0,0,0,0,0,0
2003,Serbia & Montenegro,Wales,1,0,0,0,0,0,0,0,4,1,0,0,0,0,0,0
2003,Andorra,Croatia,0,3,0,0,0,0,0,0,3,2,0,0,0,0,0,0
2003,Azerbaijan,Finland,1,2,0,0,0,0,0,0,2,0,1,0,0,0,0,0
2003,Scotland,Faroe Islands,3,1,0,0,0,0,0,0,1,2,0,0,0,0,0,0
2003,Sweden,San Marino,5,0,0,0,0,0,0,0,0,0,0,0,0,0,0,0
2003,Bulgaria,Estonia,2,0,0,0,0,0,0,0,2,3,0,1,0,0,0,0
2003,Georgia,Albania,3,0,0,0,0,0,0,0,1,2,0,0,0,0,0,0
2003,Republic of Ireland,Russia,1,1,0,0,0,0,0,0,2,4,0,0,0,0,0,0
2003,Belarus,Czech Republic,1,3,0,0,0,0,0,0,4,2,0,0,0,0,0,0
2003,Armenia,Greece,0,1,0,0,0,0,0,0,3,2,0,0,0,0,0,0
2003,Ukraine,Northern Ireland,0,0,0,0,0,0,0,0,0,3,0,0,0,0,0,0
2003,North Macedonia,England,1,2,0,0,0,0,0,0,4,2,0,0,0,0,0,0
2003,Romania,Luxembourg,4,0,0,0,0,0,0,0,0,0,0,0,0,0,0,0
2003,Iceland,Germany,0,0,0,0,0,0,0,0,1,4,0,0,0,0,0,0
2003,Latvia,Poland,0,2,0,0,0,0,0,0,2,3,1,0,0,0,0,0
2003,Liechtenstein,Turkey,0,3,0,0,0,0,0,0,1,0,0,0,0,0,0,0
2003,Bosnia and Herzegovina,Norway,1,0,0,0,0,0,0,0,1,5,0,0,0,0,0,0
2003,Slovenia,Israel,3,1,0,0,0,0,0,0,2,4,0,2,0,0,0,0
2003,Netherlands,Austria,3,1,0,0,0,0,0,0,0,1,0,0,0,0,0,0
2003,France,Cyprus,5,0,0,0,0,0,0,0,0,0,0,0,0,0,0,0
2003,Italy,Wales,4,0,0,0,0,0,0,0,2,3,0,0,0,0,0,0
2003,Israel,Malta,2,2,0,0,0,0,0,0,2,3,0,0,0,0,0,0
2003,Andorra,Bulgaria,0,3,0,0,0,0,0,0,5,1,1,0,0,0,0,0
2003,Moldova,Belarus,2,1,0,0,0,0,0,0,2,3,0,0,0,0,0,0
2003,Russia,Switzerland,4,1,0,0,0,0,0,0,1,2,0,1,0,0,0,0
2003,Denmark,Romania,2,2,0,0,0,0,0,0,2,3,0,0,0,0,0,0
2003,Faroe Islands,Lithuania,1,3,0,0,0,0,0,0,4,3,0,0,0,0,0,0
2003,Albania,Georgia,3,1,0,0,0,0,0,0,4,0,0,1,0,0,0,0
2003,Latvia,Hungary,3,1,0,0,0,0,0,0,0,1,0,0,0,0,0,0
2003,Luxembourg,Bosnia and Herzegovina,0,1,0,0,0,0,0,0,3,1,0,0,0,0,0,0
2003,Belgium,Croatia,2,1,0,0,0,0,0,0,2,5,0,1,0,0,0,0
2003,Czech Republic,Netherlands,3,1,0,0,0,0,0,0,4,3,0,1,0,0,0,0
2003,Poland,Sweden,0,2,0,0,0,0,0,0,4,1,1,0,0,0,0,0
2003,Slovakia,North Macedonia,1,1,0,0,0,0,0,0,1,0,0,0,0,0,0,0
2003,Germany,Scotland,2,1,0,0,0,0,0,0,1,4,0,1,0,0,0,0
2003,Serbia & Montenegro,Italy,1,1,0,0,0,0,0,0,3,4,0,0,0,0,0,0
2003,Slovenia,France,0,2,0,0,0,0,0,0,2,3,0,1,0,0,0,0
2003,Wales,Finland,1,1,0,0,0,0,0,0,2,1,1,0,0,0,0,0
2003,England,Liechtenstein,2,0,0,0,0,0,0,0,1,3,0,0,0,0,0,0
2003,Northern Ireland,Armenia,0,1,0,0,0,0,0,0,1,1,0,0,0,0,0,0
2003,Spain,Ukraine,2,1,0,0,0,0,0,0,0,2,0,0,0,0,0,0
2003,Austria,Czech Republic,2,3,0,0,0,0,0,0,4,1,1,0,0,0,0,0
2003,Germany,Iceland,3,0,0,0,0,0,0,0,3,4,0,0,0,0,0,0
2003,Hungary,Poland,1,2,0,0,0,0,0,0,1,1,0,0,0,0,0,0
2003,Scotland,Lithuania,1,0,0,0,0,0,0,0,2,2,0,0,0,0,0,0
2003,Sweden,Latvia,0,1,0,0,0,0,0,0,1,1,0,1,0,0,0,0
2003,Russia,Georgia,3,1,0,0,0,0,0,0,1,3,0,0,0,0,0,0
2003,Switzerland,Republic of Ireland,2,0,0,0,0,0,0,0,2,2,0,0,0,0,0,0
2003,Armenia,Spain,0,4,0,0,0,0,0,0,3,0,0,0,0,0,0,0
2003,Bosnia and Herzegovina,Denmark,1,1,0,0,0,0,0,0,4,2,0,1,0,0,0,0
2003,Greece,Northern Ireland,1,0,0,0,0,0,0,0,2,4,0,1,0,0,0,0
2003,Norway,Luxembourg,1,0,0,0,0,0,0,0,0,2,0,0,0,0,0,0
2003,Cyprus,Slovenia,2,2,0,0,0,0,0,0,2,1,0,0,0,0,0,0
2003,Turkey,England,0,0,0,0,0,0,0,0,1,1,0,0,0,0,0,0
2003,Liechtenstein,Slovakia,0,2,0,0,0,0,0,0,2,1,0,0,0,0,0,0
2003,Belgium,Estonia,2,0,0,0,0,0,0,0,0,0,0,0,0,0,0,0
2003,Croatia,Bulgaria,1,0,0,0,0,0,0,0,3,3,0,0,0,0,0,0
2003,Netherlands,Moldova,5,0,0,0,0,0,0,0,1,2,0,0,0,0,0,0
2003,France,Israel,3,0,0,0,0,0,0,0,0,0,0,0,0,0,0,0
2003,Italy,Azerbaijan,4,0,0,0,0,0,0,0,0,1,0,0,0,0,0,0
2003,Wales,Serbia & Montenegro,2,3,0,0,0,0,0,0,2,4,0,0,0,0,0,0
2003,Scotland,Netherlands,1,0,0,0,0,0,0,0,2,2,0,0,0,0,0,0
2003,Russia,Wales,0,0,0,0,0,0,0,0,2,4,0,0,0,0,0,0
2003,Croatia,Slovenia,1,1,0,0,0,0,0,0,4,2,0,0,0,0,0,0
2003,Latvia,Turkey,1,0,0,0,0,0,0,0,2,5,0,1,0,0,0,0
2003,Spain,Norway,2,1,0,0,0,0,0,0,1,3,0,0,0,0,0,0
2003,Slovenia,Croatia,0,1,0,0,0,0,0,0,1,2,0,1,0,0,0,0
2003,Norway,Spain,0,3,0,0,0,0,0,0,1,1,0,0,0,0,0,0
2003,Turkey,Latvia,2,2,0,0,0,0,0,0,1,2,0,0,0,0,0,0
2003,Netherlands,Scotland,6,0,0,0,0,0,0,0,2,4,0,0,0,0,0,0
2003,Wales,Russia,0,1,0,0,0,0,0,0,2,3,0,0,0,0,0,0
2004,Portugal,Greece,1,2,50,50,8,3,18,5,2,3,0,0,15,18,2,6
2004,Spain,Russia,1,0,61,39,8,5,16,8,3,5,0,1,10,19,5,9
2004,Switzerland,Croatia,0,0,41,59,6,7,10,18,3,5,1,0,22,15,9,5
2004,France,England,2,1,52,48,6,2,16,6,2,3,0,0,16,18,2,8
2004,Denmark,Italy,0,0,54,46,9,4,10,8,2,4,0,0,10,13,7,6
2004,Sweden,Bulgaria,5,0,46,54,9,2,15,11,2,4,0,0,20,19,3,5
2004,Czech Republic,Latvia,2,1,63,37,9,2,24,6,0,0,0,0,11,19,2,10
2004,Germany,Netherlands,1,1,47,53,6,8,14,16,2,2,0,0,13,18,8,4
2004,Greece,Spain,1,1,36,64,4,6,7,13,5,2,0,0,16,19,8,1
2004,Russia,Portugal,0,2,43,57,3,7,7,14,3,2,1,0,23,14,10,3
2004,England,Switzerland,3,0,49,51,5,4,10,11,1,2,0,1,17,18,2,5
2004,Croatia,France,2,2,45,55,4,7,8,14,4,2,0,0,20,14,7,7
2004,Bulgaria,Denmark,0,2,41,59,1,12,6,17,6,2,1,0,18,16,4,5
2004,Italy,Sweden,1,1,50,50,9,4,18,7,3,2,0,0,15,20,4,8
2004,Latvia,Germany,0,0,35,65,5,9,6,23,2,3,0,0,20,20,13,4
2004,Netherlands,Czech Republic,2,3,55,45,8,14,11,19,2,1,1,0,24,17,8,6
2004,Russia,Greece,2,1,34,66,9,6,19,12,6,2,0,0,18,13,7,10
2004,Spain,Portugal,0,1,45,55,3,9,10,18,3,2,0,0,25,21,8,1
2004,Croatia,England,2,4,44,56,11,13,14,16,1,0,0,0,16,14,9,7
2004,Switzerland,France,1,3,50,50,2,9,3,15,3,1,0,0,15,15,4,2
2004,Denmark,Sweden,2,2,49,51,6,7,12,12,0,2,0,0,15,15,4,4
2004,Italy,Bulgaria,2,1,58,42,11,6,20,9,1,4,0,0,15,19,4,8
2004,Germany,Czech Republic,1,2,48,52,12,5,16,7,3,1,0,0,19,18,5,15
2004,Netherlands,Latvia,3,0,66,34,17,3,30,5,0,1,0,0,13,18,2,20
2004,Portugal,England,2,2,59,41,18,8,37,14,3,3,0,0,16,23,7,12
2004,France,Greece,0,1,55,45,4,5,8,6,2,2,0,0,22,13,6,4
2004,Sweden,Netherlands,0,0,50,50,7,13,15,23,2,3,0,0,21,28,13,4
2004,Czech Republic,Denmark,3,0,46,54,8,6,14,12,3,3,0,0,21,17,7,4
2004,Portugal,Netherlands,2,1,46,54,10,2,13,8,3,2,0,0,18,20,6,7
2004,Greece,Czech Republic,1,0,50,50,6,6,9,16,3,3,0,0,15,23,6,7
2006,Estonia,North Macedonia,0,1,0,0,0,0,0,0,1,2,0,0,0,0,0,0
2006,Faroe Islands,Georgia,0,6,0,0,0,0,0,0,2,0,0,0,0,0,0,0
2006,Belgium,Kazakhstan,0,0,0,0,0,0,0,0,0,4,0,0,0,0,0,0
2006,Northern Ireland,Iceland,0,3,0,0,0,0,0,0,1,1,0,0,0,0,0,0
2006,Scotland,Faroe Islands,6,0,0,0,0,0,0,0,2,4,0,0,0,0,0,0
2006,England,Andorra,5,0,0,0,0,0,0,0,1,2,0,0,0,0,0,0
2006,Georgia,France,0,3,0,0,0,0,0,0,4,0,0,0,0,0,0,0
2006,Belarus,Albania,2,2,0,0,0,0,0,0,1,2,0,0,0,0,0,0
2006,Malta,Bosnia and Herzegovina,2,5,0,0,0,0,0,0,2,1,0,0,0,0,0,0
2006,Hungary,Norway,1,4,0,0,0,0,0,0,2,1,0,0,0,0,0,0
2006,Latvia,Sweden,0,1,0,0,0,0,0,0,3,1,0,0,0,0,0,0
2006,Romania,Bulgaria,2,2,0,0,0,0,0,0,4,3,1,0,0,0,0,0
2006,Czech Republic,Wales,2,1,0,0,0,0,0,0,0,1,0,0,0,0,0,0
2006,Moldova,Greece,0,1,0,0,0,0,0,0,2,2,0,0,0,0,0,0
2006,Serbia,Azerbaijan,1,0,0,0,0,0,0,0,1,3,0,0,0,0,0,0
2006,Slovakia,Cyprus,6,1,0,0,0,0,0,0,1,1,0,0,0,0,0,0
2006,Estonia,Israel,0,1,0,0,0,0,0,0,1,1,0,0,0,0,0,0
2006,Luxembourg,Netherlands,0,1,0,0,0,0,0,0,3,2,0,0,0,0,0,0
2006,Poland,Finland,1,3,0,0,0,0,0,0,0,1,1,0,0,0,0,0
2006,Germany,Republic of Ireland,1,0,0,0,0,0,0,0,3,3,0,0,0,0,0,0
2006,Italy,Lithuania,1,1,0,0,0,0,0,0,2,2,0,0,0,0,0,0
2006,Spain,Liechtenstein,4,0,0,0,0,0,0,0,2,1,0,0,0,0,0,0
2006,Azerbaijan,Kazakhstan,1,1,0,0,0,0,0,0,0,1,0,0,0,0,0,0
2006,Russia,Croatia,0,0,0,0,0,0,0,0,1,0,0,0,0,0,0,0
2006,Armenia,Belgium,0,1,0,0,0,0,0,0,1,4,0,0,0,0,0,0
2006,Ukraine,Georgia,3,2,0,0,0,0,0,0,1,3,0,0,0,0,0,0
2006,Lithuania,Scotland,1,2,0,0,0,0,0,0,4,3,0,0,0,0,0,0
2006,Bulgaria,Slovenia,3,0,0,0,0,0,0,0,4,3,0,0,0,0,0,0
2006,Finland,Portugal,1,1,0,0,0,0,0,0,3,2,0,1,0,0,0,0
2006,Israel,Andorra,4,1,0,0,0,0,0,0,3,4,0,1,0,0,0,0
2006,Norway,Moldova,2,0,0,0,0,0,0,0,1,1,0,1,0,0,0,0
2006,Sweden,Liechtenstein,3,1,0,0,0,0,0,0,2,2,0,0,0,0,0,0
2006,Albania,Romania,0,2,0,0,0,0,0,0,6,1,0,0,0,0,0,0
2006,Turkey,Malta,2,0,0,0,0,0,0,0,2,2,0,0,0,0,0,0
2006,Iceland,Denmark,0,2,0,0,0,0,0,0,3,0,0,0,0,0,0,0
2006,Bosnia and Herzegovina,Hungary,1,3,0,0,0,0,0,0,4,1,1,0,0,0,0,0
2006,Slovakia,Czech Republic,0,3,0,0,0,0,0,0,3,0,0,0,0,0,0,0
2006,Netherlands,Belarus,3,0,0,0,0,0,0,0,2,1,0,0,0,0,0,0
2006,Poland,Serbia,1,1,0,0,0,0,0,0,3,4,0,0,0,0,0,0
2006,San Marino,Germany,0,13,0,0,0,0,0,0,2,1,0,0,0,0,0,0
2006,France,Italy,3,1,0,0,0,0,0,0,1,4,0,0,0,0,0,0
2006,North Macedonia,England,0,1,0,0,0,0,0,0,3,3,0,0,0,0,0,0
2006,Northern Ireland,Spain,3,2,0,0,0,0,0,0,2,2,0,0,0,0,0,0
2006,Faroe Islands,Lithuania,0,1,0,0,0,0,0,0,3,0,0,0,0,0,0,0
2006,Wales,Slovakia,1,5,0,0,0,0,0,0,2,0,0,0,0,0,0,0
2006,Kazakhstan,Poland,0,1,0,0,0,0,0,0,3,0,0,0,0,0,0,0
2006,Russia,Israel,1,1,53,47,4,0,11,3,3,2,0,0,9,10,0,3
2006,Czech Republic,San Marino,7,0,0,0,0,0,0,0,0,0,0,0,0,0,0,0
2006,Armenia,Finland,0,0,0,0,0,0,0,0,4,2,0,0,0,0,0,0
2006,England,North Macedonia,0,0,58,42,7,3,16,7,1,1,0,0,8,18,4,9
2006,Moldova,Bosnia and Herzegovina,2,2,0,0,0,0,0,0,3,2,0,0,0,0,0,1
2006,Scotland,France,1,0,42,58,4,8,6,16,3,0,0,0,20,9,8,6
2006,Cyprus,Republic of Ireland,5,2,0,0,0,0,0,0,5,3,0,1,0,0,0,0
2006,Romania,Belarus,3,1,0,0,0,0,0,0,1,1,0,0,0,0,0,0
2006,Hungary,Turkey,0,1,0,0,0,0,0,0,2,1,0,0,0,0,0,0
2006,Bulgaria,Netherlands,1,1,0,0,0,0,0,0,2,1,0,0,0,0,0,0
2006,Denmark,Northern Ireland,0,0,0,0,0,0,0,0,0,4,0,0,0,0,0,0
2006,Latvia,Iceland,4,0,0,0,0,0,0,0,1,2,0,0,0,0,0,0
2006,Sweden,Spain,2,0,0,0,0,0,0,0,2,6,0,0,0,0,0,0
2006,Croatia,Andorra,7,0,0,0,0,0,0,0,0,3,0,0,0,0,0,0
2006,Serbia,Belgium,1,0,0,0,0,0,0,0,2,1,0,0,0,0,0,0
2006,Greece,Norway,1,0,0,0,0,0,0,0,2,2,0,0,0,0,0,0
2006,Slovenia,Luxembourg,2,0,0,0,0,0,0,0,1,1,0,0,0,0,0,0
2006,Italy,Ukraine,2,0,0,0,0,0,0,0,1,4,0,0,0,0,0,0
2006,Portugal,Azerbaijan,3,0,0,0,0,0,0,0,2,3,0,0,0,0,0,0
2006,Andorra,North Macedonia,0,3,51,49,2,6,4,13,2,2,1,0,10,7,5,3
2006,Russia,Estonia,2,0,55,45,10,1,22,6,2,3,0,1,16,21,3,15
2006,Belarus,Slovenia,4,2,34,66,7,4,12,4,1,2,0,0,12,13,3,4
2006,Kazakhstan,Finland,0,2,46,54,5,13,7,19,0,1,0,0,5,8,7,6
2006,Croatia,England,2,0,52,48,9,4,15,7,1,2,0,0,9,14,7,9
2006,Ukraine,Scotland,2,0,60,40,11,0,19,4,1,3,0,1,9,13,0,9
2006,Malta,Hungary,2,1,54,46,10,3,15,4,1,0,0,1,4,3,4,7
2006,Georgia,Italy,1,3,47,53,4,6,15,14,3,1,0,0,7,4,9,5
2006,Turkey,Moldova,5,0,57,43,8,1,22,4,1,1,0,0,7,19,2,5
2006,Iceland,Sweden,1,2,49,51,1,3,2,7,3,3,0,0,13,5,1,1
2006,Bosnia and Herzegovina,Greece,0,4,54,46,6,6,10,10,2,1,1,0,10,11,3,5
2006,Liechtenstein,Denmark,0,4,32,68,2,10,6,24,0,0,0,0,10,6,7,2
2006,Luxembourg,Bulgaria,0,1,30,70,3,4,6,9,3,3,0,0,14,9,9,3
2006,Serbia,Armenia,3,0,60,40,12,1,18,5,1,1,0,1,11,17,3,9
2006,Netherlands,Albania,2,1,54,46,12,5,21,6,1,2,0,0,14,12,3,9
2006,Poland,Portugal,2,1,37,63,7,2,15,6,2,2,0,0,12,13,1,6
2006,Republic of Ireland,Czech Republic,1,1,53,47,5,4,11,11,3,4,0,0,17,13,2,3
2006,Belgium,Azerbaijan,3,0,57,43,7,3,9,5,2,3,1,0,7,8,5,10
2006,Slovakia,Germany,1,4,41,59,3,6,6,15,2,1,0,0,11,7,2,7
2006,France,Faroe Islands,5,0,70,30,15,0,24,0,0,1,0,0,5,4,0,10
2006,Northern Ireland,Latvia,1,0,50,50,3,3,11,6,1,2,0,0,22,20,4,8
2006,Wales,Cyprus,3,1,48,52,10,8,14,13,1,2,0,0,10,14,7,5
2006,North Macedonia,Russia,0,2,43,57,1,4,4,11,1,3,0,0,19,12,3,3
2006,Finland,Armenia,1,0,56,44,5,5,10,10,0,3,0,0,14,8,5,4
2006,Israel,Croatia,3,4,56,44,4,6,10,12,3,0,0,0,9,2,3,1
2006,Cyprus,Germany,1,1,44,56,2,7,5,18,3,3,0,0,22,10,6,2
2006,Belgium,Poland,0,1,82,18,2,2,3,3,5,2,0,0,8,5,0,4
2006,Republic of Ireland,San Marino,5,0,61,39,9,3,23,9,1,1,0,0,17,13,2,4
2006,Portugal,Kazakhstan,3,0,50,50,11,1,25,3,1,1,0,0,1,13,1,10
2007,San Marino,Republic of Ireland,1,2,48,52,1,10,1,23,2,0,0,0,11,6,6,0
2007,Kazakhstan,Serbia,2,1,47,53,6,13,8,23,3,2,0,1,8,7,7,5
2007,Faroe Islands,Ukraine,0,2,22,78,0,10,4,21,1,0,0,0,2,5,7,0
2007,Republic of Ireland,Wales,1,0,56,44,6,3,11,5,1,2,0,0,15,12,2,5
2007,Scotland,Georgia,2,1,49,51,7,5,12,8,1,3,0,0,19,17,2,5
2007,Albania,Slovenia,0,0,54,46,9,4,23,10,1,1,0,0,12,12,2,12
2007,Luxembourg,Belarus,1,2,49,51,4,6,7,12,1,3,0,0,6,6,4,5
2007,Cyprus,Slovakia,1,3,54,46,5,8,10,18,1,4,1,0,13,21,10,5
2007,Lithuania,France,0,1,52,48,0,7,7,11,1,1,0,0,15,15,7,2
2007,Moldova,Malta,1,1,55,45,3,3,8,3,4,1,1,1,8,5,6,12
2007,Poland,Azerbaijan,5,0,60,40,8,1,15,1,0,3,0,0,11,15,2,3
2007,Estonia,Russia,0,2,46,54,5,9,9,18,1,1,0,0,9,7,6,4
2007,Israel,England,0,0,44,56,1,10,5,14,2,2,0,0,16,9,7,3
2007,Norway,Bosnia and Herzegovina,1,2,55,45,9,2,18,10,2,2,0,0,18,13,1,11
2007,Croatia,North Macedonia,2,1,50,50,10,3,22,6,0,4,0,1,9,20,2,7
2007,Liechtenstein,Northern Ireland,1,4,43,57,7,11,16,14,2,1,0,0,6,16,14,4
2007,Greece,Turkey,1,4,53,47,3,4,7,12,1,2,0,0,16,7,0,1
2007,Netherlands,Romania,0,0,50,50,5,5,8,9,2,3,0,0,14,18,5,8
2007,Czech Republic,Germany,1,2,46,54,7,12,12,20,3,2,0,0,20,12,9,6
2007,Portugal,Belgium,4,0,53,47,17,1,27,2,2,4,0,0,11,16,1,11
2007,Spain,Denmark,2,1,49,51,3,2,12,6,4,3,0,1,9,7,3,2
2007,Azerbaijan,Finland,1,0,50,50,7,3,10,6,3,1,0,0,12,9,4,4
2007,Bulgaria,Albania,0,0,59,41,12,1,19,7,3,4,0,0,10,11,2,8
2007,Ukraine,Lithuania,1,0,40,60,9,3,21,5,1,2,0,0,2,8,2,5
2007,Czech Republic,Cyprus,1,0,56,44,8,1,23,4,0,3,0,0,16,19,2,9
2007,Romania,Luxembourg,3,0,65,35,8,0,14,0,1,2,0,0,9,8,0,3
2007,Georgia,Faroe Islands,3,1,54,46,5,4,14,7,2,1,0,1,4,9,5,6
2007,Hungary,Moldova,1,0,58,42,6,5,13,9,1,1,0,0,21,16,6,7
2007,Israel,Estonia,4,0,58,42,9,2,13,5,2,1,0,0,7,10,5,6
2007,Liechtenstein,Latvia,1,0,49,51,10,7,18,18,2,4,0,0,14,18,6,7
2007,Malta,Greece,0,1,35,65,1,6,4,14,2,2,1,0,9,7,9,1
2007,Turkey,Norway,2,2,59,41,7,3,17,7,1,2,0,0,7,24,0,5
2007,Poland,Armenia,1,0,51,49,10,2,20,5,0,4,0,0,8,15,4,8
2007,Republic of Ireland,Slovakia,1,0,52,48,4,6,8,12,0,1,0,0,5,16,7,4
2007,Serbia,Portugal,1,1,49,51,5,6,8,16,4,3,0,0,23,16,6,6
2007,Northern Ireland,Sweden,2,1,48,52,5,4,9,8,1,0,0,0,8,17,3,7
2007,Slovenia,Netherlands,0,1,49,51,2,6,7,15,1,2,0,0,10,15,7,4
2007,Italy,Scotland,2,0,55,45,8,2,12,4,0,0,0,0,13,20,4,9
2007,Andorra,England,0,3,18,82,0,12,2,25,4,3,0,0,11,14,11,0
2007,Wales,San Marino,3,0,58,42,17,0,33,3,2,1,0,0,10,8,0,16
2007,Spain,Iceland,1,0,53,47,16,1,27,3,0,0,0,0,8,14,3,11
2007,Kazakhstan,Armenia,1,2,48,52,2,2,4,4,1,2,0,0,4,5,1,2
2007,Wales,Czech Republic,0,0,48,52,5,8,15,18,0,0,0,0,12,12,8,6
2007,Russia,Andorra,4,0,49,51,10,0,14,1,0,2,0,0,11,16,0,7
2007,Azerbaijan,Poland,1,3,41,59,2,9,10,14,3,2,0,0,9,11,6,1
2007,Iceland,Liechtenstein,1,1,55,45,4,4,5,7,2,1,0,0,14,17,3,3
2007,Finland,Serbia,0,2,48,52,3,6,8,11,1,2,0,0,14,8,3,5
2007,Germany,San Marino,6,0,66,34,22,0,37,3,0,1,0,1,6,11,0,15
2007,North Macedonia,Israel,1,2,59,41,6,3,16,6,0,5,0,0,8,19,3,7
2007,Belarus,Bulgaria,0,2,42,58,6,5,12,12,2,0,0,0,8,11,3,4
2007,Bosnia and Herzegovina,Turkey,3,2,44,56,10,8,10,16,2,2,0,0,15,10,6,5
2007,Denmark,Sweden,3,3,54,46,10,6,16,9,1,3,1,0,13,18,3,8
2007,Lithuania,Georgia,1,0,56,44,6,3,11,6,2,3,0,0,9,7,5,6
2007,Norway,Malta,4,0,54,46,7,2,20,7,0,1,0,0,7,10,2,6
2007,Albania,Luxembourg,2,0,59,41,3,0,5,4,0,1,0,0,3,2,1,1
2007,Estonia,Croatia,0,1,44,56,4,3,8,9,4,1,0,0,22,6,3,7
2007,Greece,Hungary,2,0,59,41,6,2,17,9,1,1,0,0,8,18,1,3
2007,Latvia,Spain,0,2,47,53,0,15,3,28,2,2,0,0,6,8,12,2
2007,Belgium,Portugal,1,2,47,53,6,7,14,14,1,3,0,1,7,9,5,8
2007,Faroe Islands,Italy,1,2,48,52,2,2,6,14,0,1,0,0,16,9,2,1
2007,Slovenia,Romania,1,2,39,61,2,8,7,14,5,2,1,1,13,11,6,2
2007,France,Ukraine,2,0,52,48,8,0,17,1,1,1,0,0,5,7,2,7
2007,Kazakhstan,Azerbaijan,1,1,53,47,1,3,9,11,0,1,1,0,15,14,4,1
2007,Armenia,Poland,1,0,46,54,1,7,8,9,1,1,0,0,6,10,8,0
2007,Andorra,Israel,0,2,52,48,0,4,3,12,2,0,0,0,16,18,2,1
2007,Faroe Islands,Scotland,0,2,49,51,4,7,12,15,1,2,0,0,6,6,5,4
2007,Bulgaria,Belarus,2,1,55,45,12,5,20,10,0,3,0,0,14,15,6,10
2007,Norway,Hungary,4,0,53,47,9,4,18,10,1,1,0,0,20,15,4,3
2007,Finland,Belgium,2,0,51,49,8,0,14,4,1,2,0,1,15,10,0,6
2007,Romania,Slovenia,2,0,52,48,6,1,14,3,2,6,0,0,12,12,1,4
2007,Bosnia and Herzegovina,Malta,1,0,58,42,8,4,18,8,1,1,0,0,9,15,3,7
2007,Luxembourg,Albania,0,3,48,52,3,8,7,17,1,2,0,0,14,13,5,7
2007,Sweden,Iceland,5,0,62,38,8,2,12,4,0,2,0,0,10,15,3,4
2007,Croatia,Russia,0,0,52,48,6,1,14,6,1,2,0,0,18,13,3,4
2007,Estonia,England,0,3,50,50,2,7,6,13,0,1,0,0,20,7,7,1
2007,Germany,Slovakia,1,0,49,51,5,1,8,3,1,1,0,0,9,9,5,2
2007,Greece,Moldova,2,1,61,39,4,4,10,10,1,3,0,0,9,17,2,1
2007,Latvia,Denmark,0,2,38,62,3,4,9,9,2,2,0,0,7,9,2,1
2007,Liechtenstein,Spain,0,2,36,64,3,7,7,19,4,1,0,0,15,11,7,3
2007,Lithuania,Italy,0,2,44,56,4,6,6,14,2,1,0,0,14,9,3,7
2007,France,Georgia,1,0,53,47,8,0,11,2,0,2,0,0,7,8,0,6
2007,Armenia,Portugal,1,1,46,54,4,3,5,13,0,1,0,0,9,8,3,3
2007,Estonia,Andorra,2,1,53,47,5,3,11,10,2,5,2,0,19,8,3,4
2007,Finland,Kazakhstan,2,1,48,52,14,4,19,9,3,2,0,0,11,8,1,13
2007,Belgium,Serbia,3,2,55,45,4,6,8,12,1,2,0,0,9,5,3,1
2007,Northern Ireland,Liechtenstein,3,1,56,44,6,5,11,8,1,2,0,0,13,13,2,5
2007,San Marino,Cyprus,0,1,38,62,3,6,9,15,5,0,0,0,17,13,6,3
2007,Hungary,Bosnia and Herzegovina,1,0,48,52,6,5,13,10,2,3,0,0,19,18,8,8
2007,Scotland,Lithuania,3,1,58,42,11,5,12,9,2,5,0,0,29,19,1,10
2007,Georgia,Ukraine,1,1,43,57,8,8,12,13,1,1,0,0,6,5,7,5
2007,Luxembourg,Slovenia,0,3,45,55,7,5,19,10,0,1,0,0,5,13,2,7
2007,Russia,North Macedonia,3,0,42,58,10,2,21,5,0,2,1,0,8,9,3,5
2007,Belarus,Romania,1,3,47,53,3,5,13,10,1,4,0,0,9,17,6,3
2007,England,Israel,3,0,61,39,9,0,15,1,1,4,0,0,17,12,1,9
2007,Latvia,Northern Ireland,1,0,47,53,3,5,5,12,2,2,0,0,11,12,7,2
2007,Malta,Turkey,2,2,43,57,2,3,6,5,4,2,0,0,6,6,3,0
2007,Moldova,Norway,0,1,53,47,4,9,9,13,1,0,0,0,10,9,4,2
2007,San Marino,Czech Republic,0,3,55,45,5,13,6,27,3,1,1,0,16,17,10,5
2007,Serbia,Finland,0,0,69,31,2,0,13,1,1,2,0,0,8,18,3,3
2007,Croatia,Estonia,2,0,55,45,7,1,13,4,0,1,0,0,10,14,1,3
2007,Netherlands,Bulgaria,2,0,48,52,2,4,9,13,1,1,0,0,17,13,3,1
2007,Slovakia,Republic of Ireland,2,2,49,51,7,4,11,6,2,0,0,0,12,8,2,6
2007,Sweden,Denmark,0,0,48,52,11,6,21,12,3,3,0,0,16,18,7,12
2007,Wales,Germany,0,2,41,59,1,10,5,19,2,0,0,0,11,6,7,3
2007,Italy,France,0,0,51,49,4,5,7,9,0,2,0,0,9,17,4,5
2007,Iceland,Spain,1,1,44,56,2,4,5,9,2,1,0,1,14,11,2,3
2007,Portugal,Poland,2,2,63,37,5,6,18,11,0,4,0,0,15,13,6,6
2007,Kazakhstan,Belgium,2,2,43,57,8,8,12,10,1,2,0,0,12,11,7,7
2007,Andorra,Croatia,0,6,24,76,1,8,2,18,2,0,1,0,19,11,2,1
2007,Finland,Poland,0,0,38,62,2,3,11,9,1,2,0,0,11,16,4,6
2007,Slovakia,Wales,2,5,58,42,10,4,20,7,1,1,0,0,16,12,0,13
2007,Cyprus,San Marino,3,0,58,42,13,0,23,9,2,1,0,0,20,11,0,11
2007,Lithuania,Faroe Islands,2,1,58,42,3,4,23,7,3,4,0,0,6,8,4,4
2007,Norway,Greece,2,2,51,49,10,3,13,6,1,5,0,0,5,8,1,13
2007,Bulgaria,Luxembourg,3,0,59,41,9,0,17,5,2,3,0,0,10,18,2,9
2007,Turkey,Hungary,3,0,69,31,4,1,9,1,1,4,0,1,4,8,4,2
2007,Slovenia,Belarus,1,0,46,54,3,6,11,12,3,1,0,1,21,10,7,4
2007,Bosnia and Herzegovina,Moldova,0,1,53,47,0,1,18,10,1,3,0,0,15,14,3,3
2007,Denmark,Liechtenstein,4,0,57,43,9,3,15,6,0,3,0,0,12,11,3,4
2007,Iceland,Northern Ireland,2,1,50,50,2,1,3,10,2,3,0,0,11,5,5,4
2007,Czech Republic,Republic of Ireland,1,0,49,51,6,3,12,8,5,4,0,1,19,18,4,5
2007,North Macedonia,Estonia,1,1,50,50,6,3,13,6,2,1,0,0,15,16,3,5
2007,Albania,Netherlands,0,1,47,53,4,14,6,23,3,4,1,0,6,9,5,4
2007,Ukraine,Italy,1,2,54,46,7,3,13,8,0,2,0,0,7,2,1,5
2007,England,Russia,3,0,57,43,8,3,13,9,1,0,0,0,11,5,5,6
2007,France,Scotland,0,1,72,28,7,2,15,2,2,2,0,0,11,14,3,9
2007,Portugal,Serbia,1,1,58,42,2,6,15,12,1,3,0,1,15,17,3,2
2007,Spain,Latvia,2,0,58,42,8,0,23,2,0,2,0,0,7,10,3,8
2007,Slovakia,San Marino,7,0,55,45,14,1,27,2,1,2,0,0,14,12,1,7
2007,England,Estonia,3,0,59,41,6,4,12,7,0,2,0,0,5,12,4,6
2007,Scotland,Ukraine,3,1,45,55,6,4,7,13,4,4,0,0,18,19,4,4
2007,Hungary,Malta,2,0,50,50,9,1,18,1,1,1,0,0,15,11,1,9
2007,Armenia,Serbia,0,0,47,53,4,5,15,13,2,3,0,0,9,9,8,8
2007,Belarus,Luxembourg,0,1,50,50,2,1,3,2,0,6,0,0,3,3,1,3
2007,Faroe Islands,France,0,6,33,67,5,10,11,18,1,0,0,0,5,8,9,4
2007,Azerbaijan,Portugal,0,2,0,100,4,15,7,26,1,1,1,0,11,5,16,5
2007,Iceland,Latvia,2,4,48,52,7,6,16,17,2,1,0,0,17,10,2,5
2007,Cyprus,Wales,3,1,54,46,8,3,18,7,2,2,0,0,14,18,2,8
2007,Liechtenstein,Sweden,0,3,40,60,1,12,3,17,1,1,0,0,15,16,13,1
2007,Romania,Netherlands,1,0,49,51,4,3,9,5,5,3,0,0,13,12,2,2
2007,Denmark,Spain,1,3,64,36,2,4,13,9,2,0,0,0,13,6,3,1
2007,Moldova,Turkey,1,1,50,50,3,8,5,13,1,1,0,0,24,18,10,3
2007,Croatia,Israel,1,0,67,33,1,2,10,7,2,4,0,0,9,20,2,0
2007,Greece,Bosnia and Herzegovina,3,2,56,44,7,2,11,4,1,2,0,1,7,10,0,6
2007,Poland,Kazakhstan,3,1,50,50,7,1,14,2,0,1,0,0,2,1,0,3
2007,Slovenia,Albania,0,0,51,49,4,2,18,9,3,1,0,0,22,9,1,4
2007,Belgium,Finland,0,0,47,53,2,4,7,10,1,1,0,0,14,12,5,1
2007,Republic of Ireland,Germany,0,0,42,58,6,5,7,14,2,3,0,0,15,15,1,10
2007,Italy,Georgia,2,0,56,44,10,1,22,3,1,2,0,0,7,17,1,7
2007,Kazakhstan,Portugal,1,2,43,57,1,2,11,28,3,1,0,0,13,14,6,4
2007,Russia,England,2,1,62,38,10,5,16,10,2,2,0,0,14,17,2,3
2007,Azerbaijan,Serbia,1,6,32,68,2,7,8,11,2,1,0,0,4,5,1,3
2007,Ukraine,Faroe Islands,5,0,75,25,24,2,41,4,0,0,0,0,6,4,2,12
2007,Georgia,Scotland,2,0,54,46,4,2,6,16,2,2,0,0,7,11,3,6
2007,Malta,Moldova,2,3,0,100,6,3,10,8,2,6,0,1,9,11,4,2
2007,Turkey,Greece,0,1,58,42,2,6,9,12,1,1,0,0,9,14,6,3
2007,Denmark,Latvia,3,1,52,48,7,1,15,7,1,0,0,0,13,9,2,3
2007,Liechtenstein,Iceland,3,0,53,47,2,1,13,16,2,1,0,0,12,14,4,2
2007,North Macedonia,Andorra,3,0,76,24,3,0,15,0,0,4,0,0,14,13,0,3
2007,Luxembourg,Romania,0,2,39,61,0,7,1,16,0,2,0,0,8,9,5,0
2007,San Marino,Wales,1,2,39,61,4,9,8,13,4,3,1,0,20,17,6,3
2007,Bosnia and Herzegovina,Norway,0,2,54,46,2,2,11,3,3,2,0,0,16,23,0,0
2007,Netherlands,Slovenia,2,0,56,44,4,1,13,4,1,2,0,0,11,13,1,1
2007,Republic of Ireland,Cyprus,1,1,49,51,6,1,16,4,1,1,0,1,7,14,1,4
2007,Sweden,Northern Ireland,1,1,51,49,3,4,12,12,2,1,0,0,15,18,5,1
2007,Albania,Bulgaria,1,1,57,43,7,8,16,13,2,2,0,0,8,12,8,7
2007,Belgium,Armenia,3,0,45,55,5,5,9,15,1,0,0,0,10,6,7,5
2007,Germany,Czech Republic,0,3,51,49,8,4,18,6,1,0,0,0,7,16,2,4
2007,France,Lithuania,2,0,72,28,8,2,26,9,0,3,0,0,6,6,2,9
2007,Finland,Azerbaijan,2,1,70,30,11,2,20,3,1,4,0,0,14,22,0,9
2007,Wales,Republic of Ireland,2,2,44,56,5,7,9,16,1,1,0,0,10,12,3,6
2007,Bulgaria,Romania,1,0,51,49,5,3,12,11,1,2,0,0,21,23,3,3
2007,Latvia,Liechtenstein,4,1,52,48,13,7,19,11,2,4,0,0,12,15,5,10
2007,Andorra,Estonia,0,2,39,61,0,1,4,8,4,3,0,0,17,18,2,1
2007,Moldova,Hungary,3,0,55,45,5,6,11,10,2,2,0,0,8,12,8,3
2007,Scotland,Italy,1,2,50,50,7,10,13,17,2,1,0,0,27,18,9,4
2007,Israel,Russia,2,1,39,61,5,7,10,21,2,1,0,0,15,12,8,4
2007,Lithuania,Ukraine,2,0,55,45,11,4,22,14,2,1,0,0,11,10,5,10
2007,Norway,Turkey,1,2,41,59,5,4,9,5,1,2,0,0,14,6,4,7
2007,Albania,Belarus,2,4,50,50,6,5,13,9,3,4,0,0,3,7,3,5
2007,Germany,Cyprus,4,0,67,33,7,8,18,14,0,0,0,0,10,9,10,7
2007,North Macedonia,Croatia,2,0,45,55,3,2,3,6,2,0,0,0,31,11,2,1
2007,Czech Republic,Slovakia,3,1,54,46,6,3,17,6,0,3,0,0,8,10,4,5
2007,Greece,Malta,5,0,63,37,10,4,16,9,1,2,0,0,5,6,3,7
2007,Netherlands,Luxembourg,1,0,65,35,14,2,29,2,0,1,0,0,8,7,1,11
2007,Poland,Belgium,2,0,48,52,4,5,9,11,2,0,0,0,14,9,4,2
2007,Northern Ireland,Denmark,2,1,54,46,8,2,14,10,2,1,0,0,9,13,2,10
2007,Portugal,Armenia,1,0,59,41,5,0,12,5,2,2,0,0,14,14,2,7
2007,Spain,Sweden,3,0,44,56,7,2,18,4,1,1,0,0,1,8,1,2
2007,Armenia,Kazakhstan,0,1,59,41,2,4,15,8,1,2,0,0,13,15,2,4
2007,Georgia,Lithuania,0,2,52,48,7,5,15,9,0,3,0,0,8,17,5,9
2007,Romania,Albania,6,1,63,37,8,5,17,9,1,3,0,2,9,12,4,4
2007,Cyprus,Czech Republic,0,2,52,48,5,10,11,15,2,1,0,0,23,22,9,4
2007,Azerbaijan,Belgium,0,1,48,52,2,5,7,8,1,4,0,0,4,8,5,1
2007,Belarus,Netherlands,2,1,46,54,6,5,11,15,2,1,0,0,16,19,5,1
2007,Israel,North Macedonia,1,0,54,46,4,4,8,10,1,0,0,0,7,14,5,4
2007,Slovenia,Bulgaria,0,2,50,50,3,7,5,12,4,2,1,0,19,12,8,3
2007,Denmark,Iceland,3,0,57,43,3,0,18,7,2,3,0,0,6,15,2,3
2007,Malta,Norway,1,4,47,53,3,9,8,21,4,3,1,0,11,9,5,2
2007,Spain,Northern Ireland,1,0,66,34,12,0,18,2,0,2,0,0,2,11,0,7
2007,Sweden,Latvia,2,1,62,38,7,3,16,6,0,2,0,0,11,20,2,5
2007,Turkey,Bosnia and Herzegovina,1,0,52,48,3,2,13,3,1,2,0,0,14,22,2,3
2007,Hungary,Greece,1,2,47,53,4,3,15,7,1,2,0,0,13,6,4,4
2007,Germany,Wales,0,0,53,47,4,0,16,5,0,3,0,0,8,14,4,4
2007,Italy,Faroe Islands,3,1,53,47,8,2,18,11,0,0,0,0,8,11,3,9
2007,San Marino,Slovakia,0,5,39,61,5,10,11,13,5,3,0,0,13,14,10,4
2007,Ukraine,France,2,2,52,48,4,3,10,11,1,1,0,0,9,8,3,4
2007,Portugal,Finland,0,0,53,47,8,1,20,3,2,4,0,0,12,15,4,9
2007,Serbia,Poland,2,2,51,49,11,5,15,9,2,2,0,0,9,4,4,9
2007,Andorra,Russia,0,1,41,59,0,7,3,15,5,1,0,1,13,9,9,2
2007,England,Croatia,2,3,48,52,4,7,6,10,0,2,0,0,16,18,4,6
2007,Serbia,Kazakhstan,1,0,58,42,5,2,13,5,2,1,0,0,9,12,1,6
2008,Switzerland,Czech Republic,0,1,53,47,6,2,12,4,3,0,0,0,19,21,3,6
2008,Portugal,Turkey,2,0,48,52,7,3,16,6,0,3,0,0,10,19,7,4
2008,Austria,Croatia,0,1,64,36,8,3,18,9,3,1,0,0,17,14,1,12
2008,Germany,Poland,2,0,48,52,6,6,9,11,1,2,0,0,10,10,7,4
2008,Romania,France,0,0,46,54,2,3,6,11,3,1,0,0,18,20,2,0
2008,Netherlands,Italy,3,0,50,50,11,6,16,13,1,3,0,0,19,11,7,6
2008,Spain,Russia,4,1,43,57,16,6,20,12,0,0,0,0,21,15,6,9
2008,Greece,Sweden,0,2,48,52,6,5,6,10,3,0,0,0,11,15,2,7
2008,Czech Republic,Portugal,1,3,46,54,3,13,8,16,1,1,0,0,16,15,7,1
2008,Switzerland,Turkey,1,2,50,50,8,4,13,7,1,3,0,0,21,22,1,6
2008,Croatia,Germany,2,1,43,57,8,2,12,7,4,2,0,1,10,16,2,10
2008,Austria,Poland,1,1,53,47,6,9,14,12,2,3,0,0,12,24,9,8
2008,Italy,Romania,1,1,47,53,4,8,7,12,2,3,0,0,12,19,4,6
2008,Netherlands,France,4,1,56,44,12,8,15,17,1,2,0,0,17,17,8,6
2008,Portugal,Germany,2,3,53,47,10,5,21,10,3,2,0,0,11,14,2,7
2008,Sweden,Spain,1,2,50,50,3,9,9,13,1,1,0,0,16,14,7,1
2008,Greece,Russia,0,1,50,50,5,6,8,19,2,2,0,0,17,13,5,7
2008,Switzerland,Portugal,2,0,63,37,8,5,12,10,4,4,0,0,18,20,6,7
2008,Turkey,Czech Republic,3,2,51,49,11,4,17,12,4,2,1,0,15,16,1,7
2008,Austria,Germany,0,1,46,54,0,7,9,16,3,0,0,0,20,10,10,5
2008,Poland,Croatia,0,1,50,50,7,5,20,15,2,3,0,0,23,15,3,6
2008,France,Italy,0,2,50,50,7,5,13,13,4,3,1,0,22,23,4,5
2008,Netherlands,Romania,2,0,51,49,6,1,14,8,0,1,0,0,11,11,1,3
2008,Greece,Spain,1,2,43,57,5,6,13,19,2,3,0,0,16,18,4,2
2008,Russia,Sweden,2,0,44,56,6,6,15,12,3,2,0,0,13,14,10,5
2008,Croatia,Turkey,1,1,44,56,7,4,15,10,0,4,0,0,19,22,3,6
2008,Netherlands,Russia,1,3,45,55,14,13,28,26,3,3,0,0,23,27,7,9
2008,Spain,Italy,0,0,45,55,10,6,27,12,3,1,0,0,21,24,6,9
2008,Germany,Turkey,3,2,50,50,5,15,9,22,0,2,0,0,13,17,11,4
2008,Germany,Spain,0,1,53,47,3,8,4,14,2,2,0,0,20,19,6,4
2010,Armenia,Republic of Ireland,0,1,43,57,11,5,17,10,1,1,0,0,13,16,8,8
2010,Montenegro,Wales,1,0,50,50,5,5,15,11,3,3,0,0,18,13,7,6
2010,Estonia,Italy,1,2,35,65,2,4,6,8,2,0,0,0,15,7,5,3
2010,Belgium,Germany,0,1,40,60,5,3,8,7,1,2,0,0,14,7,3,5
2010,Liechtenstein,Spain,0,4,37,63,1,7,2,11,1,0,0,0,3,3,7,1
2010,San Marino,Netherlands,0,5,50,50,1,9,1,16,4,1,0,0,11,1,8,1
2010,Slovenia,Northern Ireland,0,1,46,54,11,4,18,5,0,3,0,0,5,12,4,6
2010,England,Bulgaria,4,0,53,47,4,3,9,6,0,1,0,0,9,7,3,3
2010,France,Belarus,0,1,53,47,6,1,14,5,0,2,0,0,9,10,0,9
2010,Iceland,Norway,1,2,55,45,3,5,7,8,1,1,0,0,11,11,6,5
2010,Portugal,Cyprus,4,4,50,50,8,4,22,7,0,1,0,0,10,9,3,7
2010,Russia,Slovakia,0,1,50,50,6,3,14,7,1,1,0,0,6,15,3,7
2010,Sweden,San Marino,6,0,71,29,10,0,19,2,0,1,1,0,6,9,0,12
2010,Turkey,Belgium,3,2,50,50,2,1,8,2,2,3,0,1,8,13,0,2
2010,Netherlands,Finland,2,1,50,50,2,4,5,4,0,3,0,0,9,16,2,3
2010,Norway,Portugal,1,0,51,49,1,2,3,14,1,2,0,0,12,14,2,1
2010,Germany,Azerbaijan,6,1,68,32,10,2,19,5,0,0,0,0,3,7,1,10
2010,Republic of Ireland,Andorra,3,1,53,47,5,2,10,2,1,3,0,0,12,11,3,5
2010,Switzerland,England,1,3,41,59,0,2,3,7,2,2,1,0,13,14,3,2
2010,Italy,Faroe Islands,5,0,53,47,14,1,20,3,0,1,0,0,10,10,3,7
2010,Bosnia and Herzegovina,France,0,2,45,55,3,8,4,15,2,1,0,0,12,13,10,4
2010,Scotland,Liechtenstein,2,1,56,44,2,4,9,6,4,7,0,0,12,17,4,5
2010,Armenia,Slovakia,3,1,58,42,5,2,12,7,1,3,0,0,10,10,4,5
2010,Hungary,San Marino,8,0,63,37,8,1,17,1,0,2,0,1,12,17,1,4
2010,Luxembourg,Belarus,0,0,24,76,5,8,9,13,1,2,0,1,6,7,6,6
2010,Moldova,Netherlands,0,1,37,63,8,4,10,13,0,0,0,0,11,15,5,8
2010,Montenegro,Switzerland,1,0,50,50,2,8,4,13,2,0,0,0,6,4,8,3
2010,Serbia,Estonia,1,3,49,51,6,2,15,9,3,2,0,0,5,6,2,8
2010,Wales,Bulgaria,0,1,55,45,4,9,7,15,1,4,1,0,12,7,7,3
2010,Germany,Turkey,3,0,56,44,5,3,16,4,0,1,0,0,8,10,2,10
2010,Greece,Latvia,1,0,50,50,3,0,10,1,2,3,0,0,6,18,0,4
2010,Northern Ireland,Italy,0,0,48,52,2,6,5,16,1,0,0,0,7,9,6,3
2010,Republic of Ireland,Russia,2,3,46,54,8,6,14,16,2,3,0,0,15,16,4,12
2010,Czech Republic,Scotland,1,0,51,49,8,0,19,2,2,3,0,0,8,18,1,11
2010,Spain,Lithuania,3,1,71,29,6,0,12,1,0,0,0,0,5,8,0,5
2010,France,Romania,2,0,58,42,7,1,17,5,2,2,0,0,10,7,2,9
2010,Israel,Croatia,1,2,50,50,5,5,8,11,4,2,0,0,15,6,5,5
2010,Armenia,Andorra,4,0,63,37,7,1,14,2,0,4,0,0,14,16,2,6
2010,Faroe Islands,Northern Ireland,1,1,37,63,3,15,6,22,2,1,0,0,10,13,13,5
2010,Kazakhstan,Germany,0,3,50,50,3,5,8,17,2,0,0,0,6,6,7,4
2010,Latvia,Georgia,1,1,0,0,0,0,0,0,2,3,0,0,0,0,0,0
2010,Liechtenstein,Czech Republic,0,2,65,35,2,6,6,11,1,1,0,0,10,16,4,2
2010,Estonia,Slovenia,0,1,50,50,5,5,10,11,1,1,0,0,9,8,3,5
2010,Netherlands,Sweden,4,1,53,47,5,5,10,10,0,2,0,0,6,21,4,5
2010,North Macedonia,Russia,0,1,46,54,1,8,7,10,2,3,0,0,25,11,14,4
2010,San Marino,Moldova,0,2,53,47,4,6,7,15,3,0,0,0,11,7,9,2
2010,Slovakia,Republic of Ireland,1,1,47,53,5,2,17,6,4,0,0,0,16,12,2,4
2010,Switzerland,Wales,4,1,51,49,5,2,9,9,1,1,0,0,11,14,2,6
2010,Greece,Israel,2,1,52,48,3,0,5,2,1,2,0,0,8,8,1,3
2010,Italy,Serbia,0,0,0,0,0,0,0,0,0,1,0,0,0,0,0,0
2010,England,Montenegro,0,0,65,35,7,1,12,5,4,5,0,0,15,21,0,11
2010,France,Luxembourg,2,0,50,50,9,2,19,2,1,1,0,1,12,10,2,7
2010,Scotland,Spain,2,3,32,68,1,8,4,15,2,0,1,0,7,12,9,0
2010,Iceland,Portugal,1,3,50,50,1,2,1,9,2,1,0,0,19,11,3,1
2011,Austria,Belgium,0,2,54,46,4,2,10,5,0,1,0,0,13,23,3,5
2011,Hungary,Netherlands,0,4,43,57,4,1,7,3,4,1,0,0,18,5,0,7
2011,Serbia,Northern Ireland,2,1,52,48,7,2,12,5,3,2,0,0,15,21,6,6
2011,Slovenia,Italy,0,1,50,50,3,6,6,8,1,2,0,0,17,13,4,8
2011,Luxembourg,France,0,2,49,51,2,5,5,10,1,0,0,0,8,11,7,3
2011,Spain,Czech Republic,2,1,75,25,8,1,17,1,2,2,0,0,8,12,0,11
2011,Armenia,Russia,0,0,45,55,4,2,7,9,2,1,0,0,7,9,2,5
2011,Wales,England,0,2,44,56,0,5,3,10,5,2,0,0,13,8,5,3
2011,Bulgaria,Switzerland,0,0,57,43,8,7,18,11,3,2,0,0,21,13,7,10
2011,Georgia,Croatia,1,0,50,50,1,3,4,9,1,1,0,0,6,8,7,1
2011,Cyprus,Iceland,0,0,52,48,4,4,11,8,1,2,0,0,8,17,6,2
2011,Israel,Latvia,2,1,65,35,6,1,14,7,2,2,0,0,13,11,2,5
2011,Bosnia and Herzegovina,Romania,2,1,55,45,7,2,11,3,2,0,0,0,10,11,2,5
2011,Albania,Belarus,1,0,56,44,7,1,13,2,3,4,0,0,3,6,3,10
2011,Andorra,Slovakia,0,1,43,57,1,3,3,7,2,2,0,0,19,13,4,2
2011,Germany,Kazakhstan,4,0,66,34,8,2,13,5,0,1,0,0,4,13,2,11
2011,Norway,Denmark,1,1,50,50,1,2,2,4,1,1,0,0,13,4,3,3
2011,Malta,Greece,0,1,50,50,1,10,3,14,1,2,0,1,18,20,9,1
2011,Republic of Ireland,North Macedonia,2,1,55,45,5,7,10,13,3,3,0,0,12,13,5,7
2011,Czech Republic,Liechtenstein,2,0,56,44,8,2,12,4,1,4,0,0,13,14,4,11
2011,Sweden,Moldova,2,1,56,44,9,2,20,8,2,0,0,0,13,10,3,14
2011,Israel,Georgia,1,0,51,49,6,3,11,10,2,3,0,0,20,12,3,4
2011,Turkey,Austria,2,0,50,50,2,1,10,5,1,3,0,0,9,8,5,3
2011,Romania,Luxembourg,3,1,57,43,3,1,5,3,2,2,0,0,12,8,1,2
2011,Estonia,Serbia,1,1,50,50,6,7,9,8,4,2,0,0,16,8,5,5
2011,Netherlands,Hungary,5,3,55,45,2,3,8,10,0,3,0,0,4,8,3,2
2011,Belgium,Azerbaijan,4,1,50,50,8,1,20,3,0,1,0,0,8,11,1,5
2011,Lithuania,Spain,1,3,50,50,1,4,2,4,0,0,0,0,12,8,4,1
2011,Northern Ireland,Slovenia,0,0,48,52,1,6,5,12,3,2,0,0,11,16,4,1
2011,Kazakhstan,Azerbaijan,2,1,50,50,3,0,11,6,1,0,0,0,9,11,1,2
2011,Faroe Islands,Slovenia,0,2,52,48,5,4,11,6,2,0,0,1,16,14,6,12
2011,Liechtenstein,Lithuania,2,0,50,50,3,3,6,13,2,3,0,0,11,12,3,3
2011,Croatia,Georgia,2,1,50,50,2,0,14,0,0,2,0,0,4,7,0,9
2011,Romania,Bosnia and Herzegovina,3,0,51,49,2,1,3,4,3,1,0,0,12,14,2,3
2011,Moldova,Sweden,1,4,41,59,4,7,9,12,0,0,0,0,5,7,7,4
2011,San Marino,Finland,0,1,34,66,4,8,6,16,2,0,0,0,9,8,13,6
2011,Austria,Germany,1,2,50,50,1,4,8,9,2,1,0,0,14,5,6,4
2011,Belgium,Turkey,1,1,53,47,10,6,13,9,1,1,0,0,11,7,5,7
2011,Italy,Estonia,3,0,50,50,6,1,11,4,1,2,0,0,6,14,2,6
2011,Belarus,France,1,1,50,50,4,2,8,6,2,2,0,0,8,11,2,3
2011,Russia,Armenia,3,1,50,50,3,6,6,12,2,5,0,0,19,23,5,4
2011,England,Switzerland,2,2,52,48,4,8,13,14,2,2,0,0,11,15,7,3
2011,Latvia,Israel,1,2,49,51,6,7,10,16,3,1,0,0,20,12,6,5
2011,Slovakia,Andorra,1,0,50,50,5,0,11,1,1,2,0,0,10,7,1,6
2011,Greece,Malta,3,1,50,50,1,1,10,5,1,0,0,0,10,11,2,2
2011,Montenegro,Bulgaria,1,1,64,36,4,3,11,9,3,1,0,0,29,15,5,1
2011,Iceland,Denmark,0,2,50,50,2,3,7,7,2,0,0,0,16,11,2,3
2011,North Macedonia,Republic of Ireland,0,2,45,55,7,3,12,5,0,1,0,0,19,22,2,5
2011,Portugal,Norway,1,0,50,50,7,2,19,3,0,0,0,0,12,9,2,6
2011,Azerbaijan,Germany,1,3,54,46,5,6,12,15,1,1,0,0,8,5,5,7
2011,Belarus,Luxembourg,2,0,50,50,1,2,7,11,1,1,0,0,11,7,4,5
2011,Sweden,Finland,5,0,56,44,2,3,8,10,0,1,0,0,16,11,2,4
2011,Bosnia and Herzegovina,Albania,2,0,50,50,5,1,11,3,1,1,0,1,14,12,2,5
2011,Faroe Islands,Estonia,2,0,46,54,4,11,8,20,1,2,1,1,12,14,9,6
2011,San Marino,Hungary,0,3,32,68,1,5,5,16,3,2,0,0,19,16,8,1
2011,Northern Ireland,Faroe Islands,4,0,73,27,7,1,9,7,1,0,0,0,8,5,4,6
2011,Israel,Greece,0,1,50,50,3,3,10,7,5,4,0,0,15,9,2,3
2011,Lithuania,Liechtenstein,0,0,50,50,6,3,10,7,2,3,1,0,12,6,2,4
2011,Finland,Moldova,4,1,50,50,5,1,10,2,1,4,0,0,9,7,5,6
2011,Andorra,Armenia,0,3,43,57,0,4,4,9,1,1,1,0,4,4,4,0
2011,Azerbaijan,Belgium,1,1,47,53,1,6,4,13,2,2,0,0,14,13,8,3
2011,Russia,North Macedonia,1,0,50,50,5,6,11,13,3,4,0,0,16,7,6,4
2011,Georgia,Latvia,0,1,52,48,6,1,16,3,1,4,0,0,5,8,0,6
2011,Malta,Croatia,1,3,50,50,1,5,6,10,2,2,0,0,13,17,6,1
2011,Turkey,Kazakhstan,2,1,50,50,12,1,17,4,2,3,1,0,17,12,2,11
2011,Belarus,Bosnia and Herzegovina,0,2,43,57,5,1,11,5,0,4,0,0,6,10,2,1
2011,Luxembourg,Romania,0,2,49,51,5,6,8,8,0,3,0,0,1,6,5,6
2011,Hungary,Sweden,2,1,49,51,2,3,5,14,2,3,0,0,17,11,4,2
2011,Norway,Iceland,1,0,55,45,3,1,11,2,1,3,0,0,14,12,1,5
2011,Bulgaria,England,0,3,45,55,3,7,8,9,2,1,0,0,19,9,3,3
2011,Netherlands,San Marino,11,0,0,0,0,0,0,0,0,1,0,0,0,0,0,0
2011,Cyprus,Portugal,0,4,50,50,1,10,1,16,2,1,1,0,5,8,10,3
2011,Faroe Islands,Italy,0,1,32,68,4,10,8,17,1,0,0,0,11,9,9,5
2011,Germany,Austria,6,2,57,43,6,1,11,4,0,0,0,0,8,7,1,7
2011,Northern Ireland,Serbia,0,1,35,65,5,13,7,19,3,3,0,0,10,11,11,4
2011,Republic of Ireland,Slovakia,0,0,54,46,4,11,9,15,2,2,0,0,14,13,3,2
2011,Slovenia,Estonia,1,2,49,51,7,4,18,8,1,1,0,0,11,15,4,7
2011,Wales,Montenegro,2,1,57,43,5,5,12,16,3,3,0,0,15,9,6,9
2011,Albania,France,1,2,52,48,6,3,7,8,3,0,0,0,12,9,3,7
2011,Scotland,Czech Republic,2,2,51,49,5,6,6,11,4,5,0,0,14,17,4,5
2011,Azerbaijan,Kazakhstan,3,2,50,50,4,3,9,9,1,2,0,0,7,10,3,7
2011,Russia,Republic of Ireland,0,0,62,38,10,1,24,3,1,3,0,0,10,17,3,7
2011,Finland,Netherlands,0,2,43,57,3,7,3,10,1,0,1,0,4,10,8,2
2011,Moldova,Hungary,0,2,50,50,3,3,9,4,1,2,0,0,12,12,2,4
2011,Croatia,Israel,3,1,50,50,2,3,5,4,2,2,0,1,4,4,3,4
2011,North Macedonia,Andorra,1,0,50,50,9,1,19,3,2,6,0,0,13,10,2,7
2011,Bosnia and Herzegovina,Belarus,1,0,50,50,6,1,11,5,3,7,0,2,15,18,1,3
2011,Denmark,Norway,2,0,50,50,2,2,9,4,1,5,0,0,5,11,1,2
2011,Luxembourg,Albania,2,1,0,0,0,0,0,0,1,3,0,2,0,0,0,0
2011,Slovakia,Armenia,0,4,50,50,5,7,11,14,6,2,0,0,9,7,6,6
2011,Austria,Turkey,0,0,47,53,6,3,11,9,1,2,0,0,13,10,1,4
2011,Estonia,Northern Ireland,4,1,43,57,4,5,10,7,1,0,0,0,15,10,5,2
2011,Latvia,Greece,1,1,45,55,5,11,8,22,4,3,0,0,21,15,8,3
2011,Malta,Georgia,1,1,47,53,6,5,9,9,1,2,0,0,10,11,7,3
2011,Romania,France,0,0,41,59,0,0,2,3,4,1,0,0,8,7,1,0
2011,San Marino,Sweden,0,5,47,53,0,2,0,12,4,1,1,0,7,3,4,0
2011,Serbia,Faroe Islands,3,1,56,44,6,1,15,4,0,2,0,0,4,8,1,7
2011,Switzerland,Bulgaria,3,1,65,35,2,2,10,4,2,2,0,1,6,11,1,3
2011,England,Wales,1,0,55,45,3,2,11,10,1,0,0,0,10,15,2,5
2011,Iceland,Cyprus,1,0,42,58,4,7,6,11,2,3,0,0,14,7,9,4
2011,Italy,Slovenia,1,0,50,50,4,3,13,6,1,2,0,0,12,13,4,8
2011,Scotland,Lithuania,1,0,59,41,4,5,15,12,1,2,0,0,13,14,5,10
2011,Spain,Liechtenstein,6,0,44,56,6,1,12,2,0,2,0,0,3,6,0,3
2011,Armenia,North Macedonia,4,1,57,43,1,2,8,4,1,3,0,1,8,10,1,2
2011,Azerbaijan,Austria,1,4,50,50,0,3,2,9,1,2,1,0,12,11,2,0
2011,Finland,Sweden,1,2,56,44,3,1,6,4,2,3,0,0,12,8,1,3
2011,Latvia,Malta,2,0,50,50,5,4,13,9,1,2,0,0,17,10,5,4
2011,Bosnia and Herzegovina,Luxembourg,5,0,50,50,7,0,10,0,0,2,0,0,11,12,2,6
2011,Slovakia,Russia,0,1,45,55,3,8,5,13,2,2,0,0,11,8,8,6
2011,Cyprus,Denmark,1,4,39,61,2,3,6,5,3,2,0,0,14,12,6,5
2011,Netherlands,Moldova,1,0,51,49,4,0,9,2,1,0,0,0,13,6,1,4
2011,Romania,Belarus,2,2,49,51,3,2,4,4,2,1,0,0,12,15,1,3
2011,Turkey,Germany,1,3,50,50,4,7,8,11,1,1,0,0,7,10,4,2
2011,Belgium,Kazakhstan,4,1,58,42,6,4,13,6,1,1,0,1,11,12,4,8
2011,Czech Republic,Spain,0,2,30,70,1,4,3,10,0,0,1,0,6,7,2,3
2011,Greece,Croatia,2,0,47,53,5,3,6,4,5,4,0,0,22,13,3,3
2011,Northern Ireland,Estonia,1,2,45,55,6,9,8,16,4,1,0,0,17,7,6,7
2011,Serbia,Italy,1,1,50,50,3,4,9,7,4,1,0,0,11,11,4,4
2011,Wales,Switzerland,2,0,55,45,7,6,15,10,1,2,0,1,13,11,3,7
2011,France,Albania,3,0,58,42,5,4,10,8,3,4,0,0,9,14,5,6
2011,Montenegro,England,2,2,47,53,3,5,8,7,4,0,0,1,16,12,4,3
2011,Andorra,Republic of Ireland,0,2,30,70,1,6,3,16,2,1,0,0,13,17,3,3
2011,Portugal,Iceland,5,3,50,50,2,1,16,4,1,1,0,0,13,9,3,5
2011,Liechtenstein,Scotland,0,1,47,53,5,9,5,18,3,1,0,0,14,14,9,4
2011,Kazakhstan,Austria,0,0,50,50,3,4,7,15,3,0,0,0,13,7,3,2
2011,Croatia,Latvia,2,0,66,34,5,0,15,3,0,2,0,0,1,7,1,7
2011,Georgia,Greece,1,2,50,50,1,3,1,8,3,3,0,0,10,5,2,3
2011,Germany,Belgium,3,1,50,50,4,7,6,14,1,1,0,0,6,15,7,3
2011,Malta,Israel,0,2,48,52,2,3,11,10,2,0,0,0,11,7,3,4
2011,Turkey,Azerbaijan,1,0,63,37,15,2,21,3,0,0,0,0,7,6,3,10
2011,North Macedonia,Slovakia,1,1,54,46,2,7,8,10,1,1,0,0,11,13,6,2
2011,Republic of Ireland,Armenia,2,1,49,51,8,5,12,13,5,2,1,1,18,6,3,4
2011,Russia,Andorra,6,0,63,37,4,1,11,4,2,3,0,0,12,8,1,5
2011,Albania,Romania,1,1,50,50,2,1,4,3,1,2,0,0,7,7,1,2
2011,Hungary,Finland,0,0,52,48,2,6,7,10,0,1,0,0,10,13,7,2
2011,Moldova,San Marino,4,0,50,50,9,0,16,2,0,1,1,0,12,6,1,10
2011,Bulgaria,Wales,0,1,45,55,4,1,10,8,3,1,0,0,13,4,5,2
2011,Denmark,Portugal,2,1,48,52,3,4,7,12,2,0,0,0,11,6,3,3
2011,Norway,Cyprus,3,1,65,35,11,4,14,7,1,1,0,0,8,11,5,13
2011,Sweden,Netherlands,3,2,39,61,2,9,7,14,0,1,0,0,15,10,5,4
2011,Switzerland,Montenegro,2,0,46,54,12,5,22,6,3,2,0,0,6,3,5,7
2011,Italy,Northern Ireland,3,0,52,48,7,1,13,2,0,0,0,0,9,1,1,7
2011,Lithuania,Czech Republic,1,4,46,54,8,1,13,5,3,0,0,1,20,12,1,5
2011,Slovenia,Serbia,1,0,54,46,5,5,10,12,3,1,0,0,17,17,6,3
2011,Spain,Scotland,3,1,67,33,8,3,15,6,1,3,0,0,7,9,3,6
2011,France,Bosnia and Herzegovina,1,1,50,50,3,5,7,11,3,4,0,0,14,12,9,7
2011,Bosnia and Herzegovina,Portugal,0,0,50,50,1,5,4,11,2,1,0,0,12,12,6,3
2011,Turkey,Croatia,0,3,65,35,2,7,4,11,4,3,0,0,21,13,8,5
2011,Czech Republic,Montenegro,2,0,58,42,5,3,9,8,2,4,0,0,19,29,3,5
2011,Estonia,Republic of Ireland,0,4,40,60,2,8,7,13,4,0,2,0,13,9,8,3
2011,Croatia,Turkey,0,0,47,53,10,3,18,7,2,4,0,0,15,15,2,7
2011,Montenegro,Czech Republic,0,1,53,47,4,2,9,4,5,2,0,0,18,12,5,7
2011,Republic of Ireland,Estonia,1,1,52,48,6,5,11,10,0,2,0,0,10,18,2,10
2011,Portugal,Bosnia and Herzegovina,6,2,50,50,4,1,7,1,3,5,0,1,13,19,1,5
2012,Poland,Greece,1,1,53,47,4,3,13,8,0,2,1,1,22,16,0,2
2012,Russia,Czech Republic,4,1,50,50,5,5,17,16,0,0,0,0,13,15,4,1
2012,Netherlands,Denmark,0,1,55,45,5,4,32,8,1,2,0,0,7,12,3,5
2012,Germany,Portugal,1,0,56,44,4,7,12,11,2,2,0,0,14,19,3,2
2012,Spain,Italy,1,1,66,34,6,6,18,11,3,4,0,0,13,19,5,5
2012,Republic of Ireland,Croatia,1,3,45,55,5,8,13,14,1,2,0,0,12,18,2,3
2012,France,England,1,1,60,40,15,1,19,3,0,2,0,0,9,7,0,6
2012,Ukraine,Sweden,2,1,53,47,5,6,13,12,0,2,0,0,12,20,4,2
2012,Greece,Czech Republic,1,2,54,46,5,3,7,8,3,3,0,0,14,26,1,0
2012,Poland,Russia,1,1,43,57,9,3,15,7,2,2,0,0,12,13,1,6
2012,Denmark,Portugal,2,3,58,42,6,12,9,17,2,2,0,0,18,17,5,2
2012,Netherlands,Germany,1,2,53,47,4,5,14,11,2,1,0,0,11,7,3,3
2012,Italy,Croatia,1,1,54,46,5,5,15,10,2,1,0,0,15,22,4,4
2012,Spain,Republic of Ireland,4,0,66,34,20,4,26,6,2,3,0,0,9,16,2,11
2012,Ukraine,France,0,2,48,52,2,11,9,16,2,3,0,0,7,16,8,1
2012,Sweden,England,2,3,50,50,7,6,15,16,3,1,0,0,14,10,3,6
2012,Czech Republic,Portugal,0,1,44,56,0,5,2,20,1,2,0,0,13,7,4,0
2012,Greece,Russia,1,0,38,62,2,10,5,25,2,4,0,0,8,14,5,0
2012,Poland,Czech Republic,1,0,42,58,7,7,16,11,5,3,0,0,22,20,4,4
2012,Denmark,Germany,1,2,43,57,6,6,10,12,0,0,0,0,8,6,2,3
2012,Portugal,Netherlands,2,1,38,62,8,3,24,14,1,2,0,0,17,12,2,6
2012,Croatia,Spain,0,1,35,65,3,9,5,14,6,0,0,0,21,16,7,3
2012,Italy,Republic of Ireland,2,0,67,33,7,2,26,9,3,2,0,1,15,24,2,5
2012,Sweden,France,2,0,43,57,7,10,12,24,2,1,0,0,17,14,5,4
2012,Ukraine,England,1,0,58,42,5,5,16,9,3,2,0,0,12,13,2,2
2012,Portugal,Spain,0,0,36,64,0,4,11,14,5,4,0,0,31,21,4,0
2012,Germany,Greece,4,2,66,34,14,5,24,9,0,2,0,0,9,10,3,8
2012,Spain,France,2,0,55,45,5,1,9,4,1,2,0,0,6,12,1,1
2012,England,Italy,0,0,32,68,1,8,9,36,0,2,0,0,15,11,8,1
2012,Germany,Italy,1,2,56,44,8,4,20,11,1,4,0,0,13,19,2,7
2012,Spain,Italy,4,0,56,44,6,4,14,11,1,1,0,0,17,10,4,2
2014,Denmark,Armenia,2,1,60,40,6,3,14,6,1,1,0,0,12,9,1,4
2014,Georgia,Republic of Ireland,1,2,40,60,3,3,5,7,3,1,0,0,10,10,3,2
2014,Hungary,Northern Ireland,1,2,46,54,9,5,12,9,1,1,0,0,11,11,2,4
2014,Faroe Islands,Finland,1,3,26,74,6,17,8,24,4,1,0,0,9,10,11,4
2014,Germany,Scotland,2,1,71,29,12,5,21,10,2,3,0,1,12,13,2,8
2014,Gibraltar,Poland,0,7,35,65,1,14,4,21,1,2,0,0,7,8,7,0
2014,Greece,Romania,0,1,50,50,1,2,6,4,5,3,0,1,9,17,1,2
2014,Portugal,Albania,0,1,59,41,7,1,18,2,1,6,0,0,6,11,3,7
2014,Russia,Liechtenstein,4,0,66,34,10,3,22,5,0,2,0,0,11,8,1,10
2014,Austria,Sweden,1,1,51,49,5,4,12,6,1,3,0,0,14,13,0,6
2014,Estonia,Slovenia,1,0,42,58,2,2,6,10,1,1,0,1,13,9,1,1
2014,Luxembourg,Belarus,1,1,42,58,1,7,6,20,5,2,0,0,10,4,5,0
2014,Montenegro,Moldova,2,0,47,53,6,0,10,2,2,2,0,0,5,15,0,1
2014,San Marino,Lithuania,0,2,50,50,0,5,1,11,3,1,0,0,16,12,7,1
2014,Spain,North Macedonia,5,1,61,39,9,7,17,9,2,2,0,0,9,11,8,4
2014,Switzerland,England,0,2,49,51,7,8,12,12,0,1,0,0,13,6,4,7
2014,Ukraine,Slovakia,0,1,53,47,4,2,9,6,5,4,0,0,18,13,1,1
2014,Azerbaijan,Bulgaria,1,2,50,50,2,4,5,8,3,1,0,0,16,9,3,2
2014,Kazakhstan,Latvia,0,0,53,47,3,1,8,4,0,3,0,0,13,12,2,3
2014,Andorra,Wales,1,2,50,50,1,6,2,9,6,2,0,0,13,10,3,0
2014,Bosnia and Herzegovina,Cyprus,1,2,50,50,9,2,23,4,2,2,0,0,9,9,1,8
2014,Croatia,Malta,2,0,50,50,6,0,21,0,1,1,0,1,5,9,0,6
2014,Czech Republic,Netherlands,2,1,33,67,5,3,10,9,2,1,0,0,11,12,4,3
2014,Iceland,Turkey,3,0,50,50,3,3,9,6,2,3,0,1,9,9,2,2
2014,Norway,Italy,0,2,43,57,0,3,3,5,2,2,0,0,8,7,1,0
2014,Belarus,Ukraine,0,2,50,50,6,2,9,5,1,2,0,0,16,13,5,3
2014,England,San Marino,5,0,77,23,30,1,35,2,1,2,0,0,13,9,1,15
2014,Liechtenstein,Montenegro,0,0,41,59,1,10,4,17,3,0,0,0,9,13,10,3
2014,Lithuania,Estonia,1,0,61,39,3,1,5,5,2,2,0,1,8,5,3,3
2014,Moldova,Austria,1,2,50,50,1,7,4,9,1,3,0,1,7,8,6,1
2014,North Macedonia,Luxembourg,3,2,58,42,5,5,15,10,3,5,0,0,14,14,2,0
2014,Slovakia,Spain,2,1,35,65,3,7,5,11,4,3,0,0,10,16,6,2
2014,Slovenia,Switzerland,1,0,34,66,3,6,7,15,2,1,0,0,17,11,7,1
2014,Sweden,Russia,1,1,53,47,3,2,7,6,3,2,0,0,12,11,4,5
2014,Belgium,Andorra,6,0,67,33,13,1,27,2,0,4,0,0,12,9,1,6
2014,Bulgaria,Croatia,0,1,51,49,5,2,7,5,1,3,0,0,9,13,1,6
2014,Cyprus,Israel,1,2,46,54,4,8,6,17,1,4,0,0,9,10,4,8
2014,Italy,Azerbaijan,2,1,61,39,10,0,19,2,2,2,0,0,20,14,1,6
2014,Latvia,Iceland,0,3,30,70,1,5,5,14,3,0,1,0,16,7,3,1
2014,Malta,Norway,0,3,47,53,3,8,5,11,1,0,0,0,7,11,5,2
2014,Netherlands,Kazakhstan,3,1,65,35,11,1,24,1,0,3,0,1,1,10,0,13
2014,Turkey,Czech Republic,1,2,49,51,10,5,19,7,1,0,0,0,11,11,1,10
2014,Wales,Bosnia and Herzegovina,0,0,50,50,2,9,12,13,3,3,0,0,9,10,9,2
2014,Armenia,Serbia,1,1,50,50,2,4,4,9,1,2,0,0,7,11,5,4
2014,Republic of Ireland,Gibraltar,7,0,50,50,19,1,25,3,0,0,0,0,6,8,0,9
2014,Romania,Hungary,1,1,50,50,2,2,4,2,5,7,0,0,15,11,0,1
2014,Scotland,Georgia,1,0,50,50,4,1,14,5,2,2,0,0,15,14,0,7
2014,Albania,Denmark,1,1,44,56,2,3,8,8,0,0,0,0,6,9,4,1
2014,Finland,Greece,1,1,50,50,2,5,6,9,3,3,0,0,10,8,4,2
2014,Northern Ireland,Faroe Islands,2,0,66,34,11,0,24,2,1,1,0,0,13,14,2,11
2014,Poland,Germany,2,0,50,50,5,12,5,19,3,2,0,0,12,8,14,4
2014,Austria,Montenegro,1,0,61,39,12,4,18,11,2,3,0,0,12,17,0,9
2014,Estonia,England,0,1,32,68,2,7,6,21,1,3,1,0,14,8,6,1
2014,Russia,Moldova,1,1,50,50,7,4,12,7,0,3,0,0,6,8,2,6
2014,Ukraine,North Macedonia,1,0,50,50,7,4,14,8,4,5,0,0,13,13,8,4
2014,Belarus,Slovakia,1,3,42,58,3,7,9,12,2,1,0,0,16,7,8,5
2014,Lithuania,Slovenia,0,2,47,53,6,7,12,10,4,1,0,0,10,10,4,6
2014,Luxembourg,Spain,0,4,50,50,4,8,6,17,2,2,0,0,7,4,3,7
2014,Sweden,Liechtenstein,2,0,73,27,10,2,21,4,0,2,0,0,8,14,3,9
2014,Kazakhstan,Czech Republic,2,4,46,54,5,8,15,10,3,1,0,0,12,7,3,5
2014,Andorra,Israel,1,4,34,66,5,8,6,14,2,1,0,0,11,12,7,2
2014,Bosnia and Herzegovina,Belgium,1,1,43,57,5,6,12,18,0,1,0,0,9,9,7,5
2014,Croatia,Azerbaijan,6,0,65,35,9,1,21,6,0,2,0,0,7,13,0,5
2014,Iceland,Netherlands,2,0,50,50,3,4,6,8,0,1,0,0,13,8,5,1
2014,Latvia,Turkey,1,1,45,55,6,9,9,15,3,4,1,0,14,8,7,6
2014,Malta,Italy,0,1,30,70,2,9,5,17,1,1,1,1,8,15,10,1
2014,Norway,Bulgaria,2,1,52,48,5,1,10,3,2,3,0,0,10,16,2,2
2014,Wales,Cyprus,2,1,48,52,10,4,16,9,4,5,1,0,8,16,5,7
2014,Denmark,Portugal,0,1,58,42,2,5,8,11,0,1,0,0,15,14,5,1
2014,Faroe Islands,Hungary,0,1,55,45,4,7,10,10,3,1,0,0,7,6,7,3
2014,Finland,Romania,0,2,46,54,1,4,2,6,1,3,1,0,6,11,2,2
2014,Germany,Republic of Ireland,1,1,65,35,12,3,18,3,1,2,0,0,10,10,1,7
2014,Gibraltar,Georgia,0,3,50,50,4,11,6,16,3,2,0,0,12,6,9,5
2014,Greece,Northern Ireland,0,2,67,33,3,3,12,4,3,1,0,0,12,11,1,5
2014,Poland,Scotland,2,2,50,50,5,3,11,5,2,1,0,0,13,9,1,8
2014,San Marino,Switzerland,0,4,48,52,0,9,1,13,1,1,0,0,11,3,5,2
2014,Serbia,Albania,0,0,50,50,1,2,5,3,1,1,0,0,8,5,2,0
2014,Georgia,Poland,0,4,50,50,1,10,11,17,2,3,0,0,11,19,6,1
2014,Germany,Gibraltar,4,0,62,38,9,2,32,3,0,0,0,0,2,7,1,3
2014,Greece,Faroe Islands,0,1,50,50,2,5,10,7,1,3,0,0,12,12,5,4
2014,Hungary,Finland,1,0,50,50,6,1,8,10,2,1,0,0,9,12,1,4
2014,Portugal,Armenia,1,0,30,70,7,6,15,6,5,2,0,0,14,17,6,5
2014,Romania,Northern Ireland,2,0,50,50,4,2,4,2,2,2,0,0,5,6,3,2
2014,Scotland,Republic of Ireland,1,0,50,50,7,6,13,11,2,4,0,0,10,18,8,1
2014,Serbia,Denmark,1,3,50,50,2,9,4,16,0,2,0,0,9,17,5,0
2014,Austria,Russia,1,0,50,50,4,3,7,8,1,2,0,0,10,11,1,4
2014,England,Slovenia,3,1,50,50,6,1,12,4,4,1,0,0,15,10,1,3
2014,Luxembourg,Ukraine,0,3,60,40,5,6,9,12,1,2,0,0,6,2,7,4
2014,Moldova,Liechtenstein,0,1,50,50,4,2,11,4,0,2,0,0,8,5,2,5
2014,San Marino,Estonia,0,0,50,50,1,7,3,14,2,3,0,0,8,12,8,1
2014,Montenegro,Sweden,1,1,43,57,4,2,8,8,2,2,0,0,13,17,1,3
2014,North Macedonia,Slovakia,0,2,48,52,7,4,16,8,1,1,0,0,9,16,1,7
2014,Spain,Belarus,3,0,65,35,6,1,9,6,1,3,0,0,4,6,2,1
2014,Switzerland,Lithuania,4,0,60,40,7,1,13,4,2,1,0,0,2,4,0,5
2014,Azerbaijan,Norway,0,1,57,43,2,5,5,10,2,3,0,0,14,17,6,1
2014,Belgium,Wales,0,0,50,50,6,4,14,7,0,4,0,0,9,9,6,5
2014,Cyprus,Andorra,5,0,50,50,8,0,15,2,0,2,0,0,9,13,2,6
2014,Netherlands,Latvia,6,0,75,25,19,3,28,8,1,3,0,0,10,9,4,10
2014,Bulgaria,Malta,1,1,53,47,8,4,19,5,1,4,0,0,10,6,1,4
2014,Czech Republic,Iceland,2,1,49,51,7,4,16,5,1,4,0,0,15,15,2,4
2014,Israel,Bosnia and Herzegovina,3,0,48,52,8,1,12,7,3,1,0,1,2,14,4,6
2014,Italy,Croatia,1,1,50,50,6,8,8,14,1,2,0,0,14,12,6,2
2014,Turkey,Kazakhstan,3,1,58,42,8,4,18,6,3,1,0,0,10,20,3,5
2015,England,Lithuania,4,0,50,50,10,1,15,2,1,2,0,0,8,8,0,5
2015,Liechtenstein,Austria,0,5,43,57,0,7,4,12,1,1,0,0,11,11,4,1
2015,Moldova,Sweden,0,2,50,50,1,5,2,13,4,3,0,1,12,8,3,1
2015,Montenegro,Russia,0,0,59,41,1,4,2,7,2,2,0,0,9,10,4,0
2015,North Macedonia,Belarus,1,2,60,40,2,7,6,11,4,6,0,0,15,19,4,3
2015,Slovakia,Luxembourg,3,0,56,44,5,2,6,2,2,3,0,0,3,12,2,2
2015,Slovenia,San Marino,6,0,61,39,19,0,34,2,0,3,0,0,6,5,1,15
2015,Spain,Ukraine,1,0,54,46,2,1,13,9,1,3,0,0,9,12,3,3
2015,Switzerland,Estonia,3,0,50,50,4,0,6,3,2,2,0,0,3,6,0,1
2015,Kazakhstan,Iceland,0,3,48,52,3,8,8,14,2,1,0,0,11,12,5,5
2015,Azerbaijan,Malta,2,0,58,42,4,4,7,7,2,1,0,0,4,10,3,2
2015,Croatia,Norway,5,1,50,50,8,6,12,9,1,3,1,0,9,10,8,3
2015,Czech Republic,Latvia,1,1,66,34,9,3,16,7,2,2,0,0,7,15,3,11
2015,Israel,Wales,0,3,52,48,4,7,5,15,2,0,1,0,7,8,2,3
2015,Andorra,Bosnia and Herzegovina,0,3,27,73,0,5,2,17,2,1,0,0,13,12,3,0
2015,Belgium,Cyprus,5,0,62,38,8,0,11,1,0,0,0,0,6,6,0,3
2015,Bulgaria,Italy,2,2,50,50,5,6,6,16,1,3,0,0,14,12,6,1
2015,Netherlands,Turkey,1,1,50,50,7,2,14,8,1,1,0,0,22,10,2,6
2015,Albania,Armenia,2,1,54,46,7,1,17,7,3,3,0,1,11,16,1,5
2015,Georgia,Germany,0,2,50,50,0,6,1,12,3,1,0,0,13,7,4,2
2015,Northern Ireland,Finland,2,1,47,53,8,7,10,11,2,2,0,0,8,7,3,7
2015,Romania,Faroe Islands,1,0,54,46,5,0,7,1,2,1,0,0,6,8,0,4
2015,Scotland,Gibraltar,6,1,59,41,13,2,19,4,0,0,0,0,4,6,1,9
2015,Hungary,Greece,0,0,50,50,0,2,3,2,3,2,0,0,7,7,2,1
2015,Portugal,Serbia,2,1,55,45,7,3,8,6,2,5,0,0,7,11,1,3
2015,Republic of Ireland,Poland,1,1,50,50,5,1,11,6,5,3,0,0,16,18,1,2
2015,Israel,Belgium,0,1,44,56,6,5,9,12,3,3,0,1,9,13,5,6
2015,Kazakhstan,Turkey,0,1,44,56,2,3,6,12,3,0,0,0,13,5,3,4
2015,Andorra,Cyprus,1,3,39,61,1,4,2,5,4,1,0,0,12,13,1,3
2015,Bosnia and Herzegovina,Israel,3,1,56,44,9,4,17,8,1,3,0,0,7,7,3,3
2015,Croatia,Italy,1,1,44,56,2,3,6,6,5,3,1,0,15,8,4,4
2015,Iceland,Czech Republic,2,1,55,45,3,2,4,5,0,2,0,0,5,9,1,2
2015,Latvia,Netherlands,0,2,50,50,0,9,3,20,1,1,0,0,7,10,7,0
2015,Malta,Bulgaria,0,1,50,50,3,4,7,9,3,2,0,0,21,17,2,5
2015,Norway,Azerbaijan,0,0,54,46,5,2,15,9,0,1,0,0,11,10,1,4
2015,Wales,Belgium,1,0,40,60,2,7,5,14,1,1,0,0,10,13,7,2
2015,Armenia,Portugal,2,3,51,49,5,5,10,7,1,1,0,1,19,14,3,4
2015,Finland,Hungary,0,1,45,55,1,10,7,14,3,5,0,0,13,18,7,2
2015,Poland,Georgia,4,0,64,36,5,2,14,9,0,0,0,0,7,7,6,5
2015,Republic of Ireland,Scotland,1,1,50,50,10,3,11,6,3,1,0,0,10,3,2,9
2015,Denmark,Serbia,2,0,44,56,5,6,8,11,2,1,0,0,14,9,6,4
2015,Faroe Islands,Greece,2,1,50,50,3,2,7,11,4,2,0,0,9,9,4,6
2015,Gibraltar,Germany,0,7,42,58,5,17,8,23,2,0,0,0,6,5,10,7
2015,Northern Ireland,Romania,0,0,50,50,6,4,17,10,1,3,0,0,17,15,4,5
2015,Estonia,San Marino,2,0,67,33,4,3,11,6,0,1,0,0,13,12,4,4
2015,Liechtenstein,Moldova,1,1,37,63,1,3,7,13,2,1,0,0,5,12,8,2
2015,Russia,Austria,0,1,50,50,7,6,13,12,1,1,0,0,11,17,4,6
2015,Slovenia,England,2,3,50,50,3,8,4,14,2,0,0,0,11,14,3,1
2015,Ukraine,Luxembourg,3,0,50,50,9,1,16,3,0,4,0,0,5,18,1,8
2015,Belarus,Spain,0,1,50,50,2,12,4,21,2,3,0,0,8,9,10,2
2015,Lithuania,Switzerland,1,2,50,50,3,8,5,13,4,1,0,0,10,9,4,3
2015,Slovakia,North Macedonia,2,1,55,45,6,2,10,4,3,1,0,1,13,14,1,5
2015,Sweden,Montenegro,3,1,50,50,7,7,11,13,2,4,0,0,18,23,5,6
2015,Azerbaijan,Croatia,0,0,50,50,5,4,7,19,3,3,0,0,8,12,6,4
2015,Belgium,Bosnia and Herzegovina,3,1,58,42,4,5,14,6,0,3,0,0,9,11,5,2
2015,Bulgaria,Norway,0,1,50,50,4,9,9,12,2,3,0,0,14,10,9,3
2015,Cyprus,Wales,0,1,50,50,2,5,6,6,0,0,0,0,6,12,5,3
2015,Czech Republic,Kazakhstan,2,1,50,50,7,1,17,6,0,1,0,0,9,7,1,2
2015,Israel,Andorra,4,0,89,11,14,1,23,2,1,3,0,0,9,12,1,8
2015,Italy,Malta,1,0,57,43,6,1,12,3,1,1,0,0,8,12,1,5
2015,Netherlands,Iceland,0,1,29,71,11,3,13,5,2,3,1,0,7,8,2,9
2015,Turkey,Latvia,1,1,67,33,11,3,25,7,1,3,0,0,9,10,0,7
2015,Georgia,Scotland,1,0,50,50,4,1,8,5,3,0,0,0,13,5,2,4
2015,Denmark,Albania,0,0,63,37,5,2,16,4,2,4,0,0,9,11,2,7
2015,Faroe Islands,Northern Ireland,1,3,50,50,2,6,2,13,2,2,1,0,9,10,4,2
2015,Germany,Poland,3,1,70,30,10,10,18,11,2,2,0,0,10,10,7,7
2015,Gibraltar,Republic of Ireland,0,4,39,61,4,12,5,19,2,1,0,0,9,9,6,3
2015,Greece,Finland,0,1,50,50,6,2,15,2,2,1,0,0,5,10,1,6
2015,Hungary,Romania,0,0,41,59,1,5,6,12,3,4,0,0,17,16,4,4
2015,Serbia,Armenia,2,0,50,50,5,6,12,10,2,1,0,0,7,10,4,4
2015,Estonia,Lithuania,1,0,50,50,1,3,7,6,2,3,0,0,7,6,3,1
2015,Luxembourg,North Macedonia,1,0,61,39,1,1,5,3,1,4,0,0,11,14,3,3
2015,Russia,Sweden,1,0,50,50,6,5,10,7,2,2,0,0,16,11,6,4
2015,San Marino,England,0,6,62,38,2,13,2,18,1,0,0,0,6,15,6,1
2015,Ukraine,Belarus,3,1,50,50,10,1,17,3,3,2,1,0,9,14,1,5
2015,Austria,Moldova,1,0,50,50,9,1,19,2,1,2,0,0,10,10,1,9
2015,Montenegro,Liechtenstein,2,0,50,50,6,1,12,4,1,2,0,0,17,11,0,7
2015,Spain,Slovakia,2,0,79,21,6,2,14,5,0,2,0,0,2,8,2,1
2015,Switzerland,Slovenia,3,2,50,50,6,5,11,7,4,5,0,0,4,11,3,4
2015,Latvia,Czech Republic,1,2,28,72,3,8,7,10,2,0,0,0,8,10,9,3
2015,Malta,Azerbaijan,2,2,36,64,4,5,6,11,1,0,0,0,13,4,8,0
2015,Norway,Croatia,2,0,55,45,5,5,8,8,3,3,0,0,15,12,3,1
2015,Turkey,Netherlands,3,0,63,37,4,3,8,8,5,2,0,0,8,5,4,1
2015,Wales,Israel,0,0,50,50,10,0,17,2,2,5,0,0,7,12,1,11
2015,Bosnia and Herzegovina,Andorra,3,0,80,20,9,0,21,1,2,3,1,1,10,21,1,5
2015,Cyprus,Belgium,0,1,50,50,2,10,6,17,3,1,0,0,8,12,8,3
2015,Iceland,Kazakhstan,0,0,50,50,7,1,13,2,2,5,1,0,11,14,1,2
2015,Italy,Bulgaria,1,0,62,38,10,2,18,6,0,3,1,1,7,20,2,8
2015,Armenia,Denmark,0,0,38,62,4,5,11,8,3,1,0,0,15,14,3,3
2015,Albania,Portugal,0,1,50,50,0,6,5,14,2,1,0,0,20,11,5,1
2015,Finland,Faroe Islands,1,0,50,50,4,0,6,4,3,5,0,0,13,14,0,3
2015,Northern Ireland,Hungary,1,1,47,53,5,2,7,8,3,4,1,0,13,19,1,7
2015,Poland,Gibraltar,8,1,70,30,15,8,21,9,0,0,0,0,3,4,6,8
2015,Republic of Ireland,Georgia,1,0,50,50,9,1,13,4,2,0,0,0,10,5,1,9
2015,Romania,Greece,0,0,50,50,4,1,10,2,1,2,0,0,12,11,1,6
2015,Scotland,Germany,2,3,30,70,3,8,4,14,2,0,0,0,14,7,4,3
2015,Georgia,Gibraltar,4,0,50,50,11,3,22,4,1,1,0,0,7,5,3,5
2015,Albania,Serbia,0,2,50,50,4,3,10,10,2,3,0,0,17,16,0,5
2015,Hungary,Faroe Islands,2,1,50,50,10,1,16,3,1,2,0,1,11,8,1,6
2015,Northern Ireland,Greece,3,1,44,56,6,5,17,9,0,0,0,0,4,9,4,0
2015,Portugal,Denmark,1,0,58,42,8,5,15,10,2,3,0,0,8,12,6,8
2015,Republic of Ireland,Germany,1,0,34,66,2,7,5,16,1,1,0,0,11,4,6,3
2015,Romania,Finland,1,1,50,50,9,6,19,9,0,4,0,0,6,19,7,12
2015,Scotland,Poland,2,2,43,57,5,7,9,13,2,2,0,0,13,7,5,1
2015,England,Estonia,2,0,61,39,16,2,25,6,0,1,0,0,7,14,0,7
2015,Liechtenstein,Sweden,0,2,50,50,1,8,3,12,1,2,0,0,7,19,6,3
2015,Moldova,Russia,1,2,38,62,2,5,2,13,1,2,0,0,10,9,4,2
2015,Montenegro,Austria,2,3,58,42,5,7,6,8,2,0,1,0,5,8,3,4
2015,North Macedonia,Ukraine,0,2,50,50,1,4,1,5,2,2,0,0,12,8,5,3
2015,Slovakia,Belarus,0,1,51,49,8,1,16,4,2,4,0,1,13,18,2,7
2015,Slovenia,Lithuania,1,1,53,47,7,3,17,7,2,4,0,0,14,19,1,6
2015,Spain,Luxembourg,4,0,61,39,15,2,24,5,1,3,0,0,9,16,1,5
2015,Switzerland,San Marino,7,0,71,29,14,0,22,0,0,2,0,0,6,10,0,7
2015,Azerbaijan,Italy,1,3,50,50,7,7,8,14,1,0,1,0,8,12,3,5
2015,Iceland,Latvia,2,2,66,34,11,8,19,16,2,2,0,0,13,20,8,10
2015,Kazakhstan,Netherlands,1,2,50,50,2,5,5,9,1,3,0,0,5,8,3,1
2015,Norway,Malta,2,0,79,21,14,2,22,2,0,1,0,0,9,7,1,9
2015,Andorra,Belgium,1,4,50,50,2,8,2,10,4,3,0,0,8,7,5,2
2015,Bosnia and Herzegovina,Wales,2,0,54,46,2,4,5,9,3,1,0,0,13,16,5,1
2015,Croatia,Bulgaria,3,0,63,37,6,2,14,5,1,0,1,0,14,9,2,3
2015,Czech Republic,Turkey,0,2,50,50,2,3,9,7,4,2,0,0,18,13,2,1
2015,Israel,Cyprus,1,2,63,37,9,6,18,8,2,2,0,0,11,16,3,4
2015,Armenia,Albania,0,3,56,44,4,6,12,10,3,3,0,0,11,9,3,4
2015,Faroe Islands,Romania,0,3,34,66,4,6,8,10,3,1,0,0,14,12,3,3
2015,Finland,Northern Ireland,1,1,57,43,6,4,8,7,0,0,0,0,9,4,3,7
2015,Greece,Hungary,4,3,50,50,6,5,11,11,2,5,0,0,11,14,2,0
2015,Serbia,Portugal,1,2,50,50,8,5,16,7,1,5,1,0,11,13,4,4
2015,Germany,Georgia,2,1,50,50,19,5,26,8,1,3,0,0,3,6,4,13
2015,Gibraltar,Scotland,0,6,50,50,0,18,4,29,0,0,0,0,11,5,11,0
2015,Poland,Republic of Ireland,2,1,50,50,6,4,12,6,2,3,0,1,23,20,7,6
2015,Austria,Liechtenstein,3,0,50,50,17,2,30,4,1,2,0,0,9,5,0,12
2015,Russia,Montenegro,2,0,69,31,7,0,16,3,0,1,0,0,5,9,0,5
2015,Sweden,Moldova,2,0,50,50,7,1,14,2,0,0,0,0,6,2,0,4
2015,Belarus,North Macedonia,0,0,50,50,4,2,10,7,2,1,0,0,14,3,4,4
2015,Estonia,Switzerland,0,1,50,50,7,6,10,14,1,0,0,0,17,13,3,6
2015,Lithuania,England,0,3,20,80,3,14,9,21,2,2,0,0,10,6,13,2
2015,Luxembourg,Slovakia,2,4,34,66,7,9,10,16,4,3,0,0,12,19,2,5
2015,San Marino,Slovenia,0,2,61,39,1,5,3,10,2,2,0,0,7,11,5,1
2015,Ukraine,Spain,0,1,50,50,13,6,25,9,3,3,0,0,12,10,5,14
2015,Belgium,Israel,3,1,56,44,9,2,20,3,2,1,0,0,7,3,1,4
2015,Bulgaria,Azerbaijan,2,0,47,53,5,3,9,6,4,3,0,0,12,13,5,2
2015,Cyprus,Bosnia and Herzegovina,2,3,55,45,5,5,9,10,2,4,0,0,8,12,3,4
2015,Italy,Norway,2,1,50,50,10,1,19,2,0,0,0,0,10,8,1,7
2015,Latvia,Kazakhstan,0,1,50,50,1,8,3,9,1,1,0,0,9,13,6,2
2015,Malta,Croatia,0,1,37,63,1,7,5,17,1,2,0,0,11,12,3,3
2015,Netherlands,Czech Republic,2,3,50,50,9,4,16,8,4,2,0,1,15,13,2,8
2015,Turkey,Iceland,1,0,59,41,6,1,10,4,1,1,1,0,8,13,0,5
2015,Wales,Andorra,2,0,74,26,11,0,23,1,1,7,0,0,12,11,0,10
2015,Norway,Hungary,0,1,83,17,8,3,23,6,2,3,0,0,9,11,3,13
2015,Bosnia and Herzegovina,Republic of Ireland,1,1,58,42,9,2,14,4,0,1,0,0,12,13,3,5
2015,Ukraine,Slovenia,2,0,61,39,7,0,14,3,3,2,0,0,14,12,4,9
2015,Sweden,Denmark,2,1,43,57,6,6,13,10,1,1,0,0,13,10,5,6
2015,Hungary,Norway,2,1,50,50,8,7,12,14,2,2,0,0,9,7,7,5
2015,Republic of Ireland,Bosnia and Herzegovina,2,0,36,64,5,4,8,8,1,5,0,0,12,13,5,1
2016,France,Romania,2,1,59,41,5,2,14,10,1,3,0,0,6,13,1,3
2016,Albania,Switzerland,0,1,45,55,2,7,7,17,4,2,1,0,10,17,6,2
2016,Wales,Slovakia,2,1,44,56,8,2,11,13,0,5,0,0,17,16,1,6
2016,England,Russia,1,1,52,48,6,2,16,6,1,1,0,0,9,16,2,5
2016,Turkey,Croatia,0,1,51,49,2,6,9,18,3,1,0,0,13,15,5,2
2016,Poland,Northern Ireland,1,0,60,40,4,0,18,2,2,1,0,0,11,12,0,3
2016,Germany,Ukraine,2,0,63,37,8,3,18,7,0,1,0,0,10,9,3,6
2016,Spain,Czech Republic,1,0,72,28,5,3,17,7,0,1,0,0,11,12,3,4
2016,Republic of Ireland,Sweden,1,1,47,53,4,0,9,7,2,1,0,0,11,15,0,3
2016,Belgium,Italy,0,2,55,45,3,6,18,11,1,4,0,0,10,12,4,3
2016,Austria,Hungary,0,2,48,52,3,8,14,15,2,1,1,0,10,16,6,3
2016,Portugal,Iceland,1,1,66,34,10,4,27,4,0,2,0,0,9,17,3,10
2016,Russia,Slovakia,1,2,62,38,2,3,15,9,0,1,0,0,8,12,1,1
2016,Romania,Switzerland,1,1,38,62,4,6,14,19,4,2,0,0,24,11,5,3
2016,France,Albania,2,0,59,41,2,0,22,8,1,2,0,0,16,13,0,0
2016,England,Wales,2,1,64,36,4,2,21,7,0,1,0,0,10,9,1,2
2016,Ukraine,Northern Ireland,0,2,65,35,5,7,17,13,2,3,0,0,14,14,5,5
2016,Germany,Poland,0,0,63,37,3,0,15,7,3,3,0,0,14,9,0,3
2016,Italy,Sweden,1,0,47,53,3,0,8,4,2,1,0,0,16,14,0,2
2016,Czech Republic,Croatia,2,2,45,55,4,6,7,19,1,3,0,0,15,13,4,2
2016,Spain,Turkey,3,0,57,43,6,0,18,8,1,2,0,0,15,13,0,3
2016,Belgium,Republic of Ireland,3,0,54,46,7,2,18,11,1,1,0,0,8,10,2,4
2016,Iceland,Hungary,1,1,33,67,2,4,8,12,3,3,0,0,15,15,4,1
2016,Portugal,Austria,0,0,59,41,6,1,23,3,2,4,0,0,15,16,1,6
2016,Romania,Albania,0,1,59,41,3,6,16,14,3,3,0,0,14,12,5,3
2016,Switzerland,France,0,0,59,41,0,4,6,13,0,2,0,0,9,10,4,0
2016,Russia,Wales,0,3,48,52,2,11,13,19,1,1,0,0,9,6,8,2
2016,Slovakia,England,0,0,43,57,2,5,4,27,1,1,0,0,7,12,6,2
2016,Northern Ireland,Germany,0,1,29,71,1,9,2,26,0,0,0,0,10,8,8,1
2016,Ukraine,Poland,0,1,64,36,5,3,19,9,2,1,0,0,23,12,2,5
2016,Croatia,Spain,2,1,40,60,4,3,13,16,4,0,0,0,10,11,2,2
2016,Czech Republic,Turkey,0,2,52,48,5,2,13,9,3,2,0,0,16,14,0,6
2016,Hungary,Portugal,3,3,41,59,5,6,10,19,4,0,0,0,15,8,3,2
2016,Iceland,Austria,2,1,37,63,3,6,9,23,4,1,0,0,10,10,5,1
2016,Italy,Republic of Ireland,0,1,53,47,1,4,5,12,4,2,0,0,21,19,3,1
2016,Sweden,Belgium,0,1,50,50,3,8,12,23,2,2,0,0,10,14,8,4
2016,Switzerland,Poland,1,1,55,45,7,5,29,21,2,2,0,0,16,14,4,6
2016,Wales,Northern Ireland,1,0,55,45,1,3,7,6,2,2,0,0,8,19,3,1
2016,Croatia,Portugal,0,1,59,41,0,2,17,5,0,1,0,0,12,28,1,0
2016,France,Republic of Ireland,2,1,60,40,10,2,24,6,2,3,0,1,8,12,1,8
2016,Germany,Slovakia,3,0,59,41,7,2,19,7,2,2,0,0,14,12,2,4
2016,Hungary,Belgium,0,4,54,46,6,14,16,25,4,3,0,0,12,10,10,6
2016,Italy,Spain,2,0,41,59,7,5,11,14,3,4,0,0,19,13,5,5
2016,England,Iceland,1,2,63,37,5,5,18,8,1,2,0,0,6,15,3,4
2016,Poland,Portugal,1,1,54,46,5,6,14,21,3,2,0,0,16,11,5,4
2016,Wales,Belgium,3,1,48,52,7,4,15,14,4,2,0,0,12,8,3,4
2016,Germany,Italy,1,1,59,41,4,3,14,12,2,5,0,0,15,13,2,3
2016,France,Iceland,5,2,59,41,8,5,15,11,1,1,0,0,8,11,3,4
2016,Portugal,Wales,2,0,46,54,6,3,17,9,2,3,0,0,10,12,3,4
2016,Germany,France,0,2,65,35,6,7,17,15,4,2,0,0,8,12,5,6
2016,Portugal,France,1,0,47,53,3,7,9,18,6,4,0,0,12,13,7,3
2019,Bulgaria,Montenegro,1,1,62,38,3,4,14,8,2,4,0,0,14,22,3,2
2019,Albania,Turkey,0,2,54,46,3,2,12,3,3,2,0,0,24,20,0,3
2019,Andorra,Iceland,0,2,25,75,2,4,4,14,4,0,0,0,19,10,2,2
2019,England,Czech Republic,5,0,66,34,8,2,13,7,0,2,0,0,8,11,2,4
2019,Luxembourg,Lithuania,2,1,58,42,7,6,24,11,3,2,0,0,11,8,5,5
2019,Moldova,France,1,4,32,68,1,10,4,17,2,2,0,0,9,11,6,0
2019,Portugal,Ukraine,0,0,59,41,8,1,18,5,0,1,0,0,9,14,1,8
2019,Georgia,Switzerland,0,2,36,64,1,8,6,25,3,1,0,0,15,7,6,1
2019,Gibraltar,Republic of Ireland,0,1,37,63,3,4,8,12,2,2,0,0,12,12,3,3
2019,Malta,Faroe Islands,2,1,31,69,2,4,9,10,3,4,1,0,13,13,2,0
2019,Sweden,Romania,2,1,50,50,6,5,17,14,2,3,0,0,15,19,4,4
2019,Bosnia and Herzegovina,Armenia,2,1,68,32,6,2,19,7,1,0,0,0,9,10,1,4
2019,Italy,Finland,2,0,58,42,3,1,11,9,2,1,0,0,12,13,1,1
2019,Liechtenstein,Greece,0,2,27,73,0,10,3,31,0,1,0,0,9,7,8,0
2019,Spain,Norway,2,1,75,25,11,2,26,4,2,4,0,0,11,23,1,8
2019,Kazakhstan,Russia,0,4,38,62,2,7,7,18,4,1,0,0,12,11,4,2
2019,Wales,Slovakia,1,0,42,58,4,4,14,13,2,7,0,0,10,19,4,3
2019,Hungary,Croatia,2,1,36,64,8,2,12,11,1,1,0,0,9,12,1,5
2019,Israel,Austria,4,2,43,57,5,8,13,19,3,5,0,0,18,15,5,1
2019,San Marino,Scotland,0,2,24,76,0,6,3,21,1,1,0,0,10,13,4,0
2019,Cyprus,Belgium,0,2,40,60,1,6,7,13,0,0,0,0,7,18,4,1
2019,Netherlands,Germany,2,3,54,46,6,7,16,11,1,0,0,0,15,10,4,4
2019,Northern Ireland,Belarus,2,1,49,51,5,3,16,5,0,1,0,0,8,13,2,3
2019,Poland,Latvia,2,0,72,28,8,4,23,12,2,3,0,0,13,19,4,6
2019,Slovenia,North Macedonia,1,1,60,40,5,2,15,8,2,4,0,0,15,20,1,4
2019,Turkey,Moldova,4,0,59,41,10,0,19,5,0,3,0,0,9,16,0,6
2019,Andorra,Albania,0,3,23,77,0,4,4,12,4,1,0,0,24,9,1,0
2019,France,Iceland,4,0,75,25,5,4,15,4,1,1,0,0,10,5,4,1
2019,Kosovo,Bulgaria,1,1,63,37,6,2,12,4,3,5,0,0,17,15,1,4
2019,Luxembourg,Ukraine,1,2,38,62,5,3,13,14,4,2,0,0,16,15,2,4
2019,Montenegro,England,1,5,27,73,2,6,9,12,1,3,0,0,10,14,1,1
2019,Portugal,Serbia,1,1,70,30,6,3,28,10,1,3,0,0,9,15,2,4
2019,Armenia,Finland,0,2,48,52,4,8,18,9,4,3,0,0,9,12,6,4
2019,Bosnia and Herzegovina,Greece,2,2,38,62,4,6,12,16,1,2,1,0,11,10,4,2
2019,Italy,Liechtenstein,6,0,78,22,12,1,41,3,1,1,0,1,12,6,1,5
2019,Malta,Spain,0,2,16,84,1,7,2,23,1,0,0,0,10,7,5,1
2019,Norway,Sweden,3,3,39,61,3,10,12,20,4,3,0,0,15,12,8,0
2019,Republic of Ireland,Georgia,1,0,49,51,2,2,14,13,0,2,0,0,7,11,1,1
2019,Romania,Faroe Islands,4,1,62,38,8,4,18,8,4,3,0,0,15,14,3,4
2019,Switzerland,Denmark,3,3,55,45,3,7,11,14,3,1,0,0,14,11,4,0
2019,Georgia,Gibraltar,3,0,75,25,12,1,23,1,1,3,0,0,9,11,1,9
2019,Austria,Slovenia,1,0,55,45,8,2,18,10,2,1,0,0,14,13,2,7
2019,Czech Republic,Bulgaria,2,1,51,49,4,4,18,12,2,4,0,0,13,10,3,2
2019,Denmark,Republic of Ireland,1,1,62,38,3,4,18,7,0,1,0,0,13,10,3,2
2019,Faroe Islands,Spain,1,4,23,77,2,12,8,22,0,1,0,0,9,7,8,1
2019,Latvia,Israel,0,3,45,55,1,11,8,24,2,1,0,0,14,11,8,1
2019,Lithuania,Luxembourg,1,1,45,55,6,5,17,17,4,3,2,0,15,20,4,5
2019,Montenegro,Kosovo,1,1,47,53,3,5,9,8,2,3,0,0,13,15,4,2
2019,North Macedonia,Poland,0,1,48,52,3,1,11,6,1,2,1,0,17,25,0,3
2019,Norway,Romania,2,2,54,46,4,7,9,15,1,2,0,0,13,10,5,2
2019,Sweden,Malta,3,0,64,36,14,1,26,3,0,1,0,0,9,14,1,9
2019,Ukraine,Serbia,5,0,58,42,9,1,21,6,0,2,0,0,6,11,1,4
2019,Croatia,Wales,2,1,63,37,2,6,10,10,5,1,0,0,15,6,6,1
2019,Iceland,Albania,1,0,46,54,3,2,9,8,1,3,0,0,19,19,2,2
2019,Armenia,Liechtenstein,3,0,62,38,13,2,31,4,1,0,0,0,18,10,1,10
2019,Azerbaijan,Hungary,1,3,54,46,2,7,9,15,3,3,0,0,12,18,4,1
2019,Estonia,Northern Ireland,1,2,39,61,3,5,9,15,1,1,0,0,15,9,3,2
2019,Finland,Bosnia and Herzegovina,2,0,51,49,7,1,14,11,0,2,0,0,8,11,1,6
2019,Moldova,Andorra,1,0,65,35,1,1,6,12,1,2,1,0,18,17,1,0
2019,Russia,San Marino,9,0,79,21,18,0,45,0,0,2,0,0,11,10,0,10
2019,Belarus,Germany,0,2,25,75,1,5,6,23,2,0,0,0,10,8,3,1
2019,Belgium,Kazakhstan,3,0,70,30,12,1,27,5,0,3,0,0,8,11,1,9
2019,Greece,Italy,0,3,30,70,2,10,5,16,2,1,0,0,14,9,7,2
2019,Scotland,Cyprus,2,1,53,47,6,6,16,10,1,2,0,0,5,12,5,4
2019,Turkey,France,2,0,37,63,6,0,11,4,2,2,0,0,10,16,0,4
2019,Kazakhstan,San Marino,4,0,73,27,17,2,34,2,2,2,0,0,18,12,2,13
2019,Azerbaijan,Slovakia,1,5,37,63,2,10,10,21,1,0,0,0,11,4,5,1
2019,Albania,Moldova,2,0,58,42,4,1,15,7,1,2,0,0,7,13,1,2
2019,Andorra,France,0,4,14,86,1,10,2,21,1,2,0,0,12,9,6,1
2019,Belarus,Northern Ireland,0,1,55,45,2,4,9,13,1,4,0,0,17,15,3,2
2019,Belgium,Scotland,3,0,71,29,11,2,25,4,1,1,0,0,9,9,2,8
2019,Germany,Estonia,8,0,82,18,17,2,27,4,0,1,0,0,5,5,2,9
2019,Greece,Armenia,2,3,74,26,11,6,24,11,4,3,0,0,9,19,3,9
2019,Hungary,Wales,1,0,54,46,3,4,11,8,3,3,0,0,15,16,4,2
2019,Iceland,Turkey,2,1,33,67,7,3,16,10,2,4,0,0,18,14,2,6
2019,Italy,Bosnia and Herzegovina,2,1,65,35,8,3,17,14,1,4,0,0,10,17,2,6
2019,Liechtenstein,Finland,0,2,20,80,2,12,4,24,1,0,0,0,7,8,8,2
2019,Russia,Cyprus,1,0,64,36,7,0,25,8,2,2,0,0,13,12,0,5
2019,Armenia,Italy,1,3,26,74,3,6,8,17,2,2,1,0,14,7,4,2
2019,Bosnia and Herzegovina,Liechtenstein,5,0,68,32,14,2,28,8,0,2,0,0,7,10,2,10
2019,Faroe Islands,Sweden,0,4,40,60,0,8,4,12,1,0,0,0,14,8,2,0
2019,Finland,Greece,1,0,45,55,2,2,8,6,2,4,0,0,10,17,2,1
2019,Gibraltar,Denmark,0,6,22,78,2,10,4,21,1,1,0,0,8,11,4,2
2019,Israel,North Macedonia,1,1,66,34,5,3,18,7,2,1,0,0,10,15,2,3
2019,Norway,Malta,2,0,69,31,9,0,16,3,1,1,0,0,11,6,0,7
2019,Republic of Ireland,Switzerland,1,1,40,60,2,3,4,13,3,2,0,0,15,12,2,1
2019,Romania,Spain,1,2,26,74,3,10,10,21,1,3,0,1,8,13,8,2
2019,Cyprus,Kazakhstan,1,1,55,45,5,5,14,13,4,2,0,0,13,15,4,4
2019,Estonia,Belarus,1,2,55,45,2,5,11,17,0,2,0,0,10,14,3,1
2019,Austria,Latvia,6,0,77,23,11,1,31,1,0,5,0,0,9,14,1,6
2019,Germany,Netherlands,2,4,49,51,5,9,12,16,1,3,0,0,7,10,6,3
2019,San Marino,Belgium,0,4,19,81,3,11,7,29,2,0,0,0,9,13,7,3
2019,Scotland,Russia,1,2,47,53,5,6,14,17,2,3,0,0,11,15,4,4
2019,Slovakia,Croatia,0,4,49,51,5,9,9,31,0,0,0,0,11,8,5,5
2019,Slovenia,Poland,2,0,35,65,5,1,9,7,2,3,0,0,16,18,1,4
2019,Wales,Azerbaijan,2,1,64,36,3,4,15,8,2,3,0,0,16,13,3,2
2019,Kosovo,Czech Republic,2,1,40,60,4,5,10,12,1,2,0,0,16,15,3,2
2019,England,Bulgaria,4,0,67,33,6,4,17,4,2,1,0,0,12,7,4,2
2019,Iceland,Moldova,3,0,56,44,7,2,17,3,0,2,0,0,11,12,2,4
2019,Lithuania,Ukraine,0,3,31,69,1,8,10,18,0,1,0,0,13,10,5,1
2019,France,Albania,4,1,72,28,5,1,13,3,0,2,0,0,15,7,0,1
2019,Serbia,Portugal,2,4,44,56,6,4,10,14,2,2,0,0,12,17,0,4
2019,Turkey,Andorra,1,0,84,16,9,0,27,4,3,4,0,0,15,19,0,7
2019,Armenia,Bosnia and Herzegovina,4,2,39,61,10,9,22,19,2,4,0,0,9,12,7,7
2019,Georgia,Denmark,0,0,39,61,1,6,7,12,2,1,0,0,23,9,6,1
2019,Romania,Malta,1,0,63,37,6,2,22,8,0,1,0,0,15,12,2,5
2019,Switzerland,Gibraltar,4,0,76,24,11,0,40,2,0,1,0,0,10,7,0,7
2019,Finland,Italy,1,2,40,60,1,9,5,25,4,2,0,0,16,14,7,0
2019,Greece,Liechtenstein,1,1,79,21,6,2,19,5,2,1,0,0,12,13,1,5
2019,Spain,Faroe Islands,4,0,71,29,9,2,30,2,2,0,0,0,8,12,2,5
2019,Sweden,Norway,1,1,53,47,1,2,5,9,2,1,0,0,13,14,1,0
2019,Azerbaijan,Croatia,1,1,37,63,3,7,8,21,4,2,0,0,12,9,6,2
2019,Estonia,Netherlands,0,4,28,72,1,10,1,20,3,1,0,0,6,16,6,1
2019,Hungary,Slovakia,1,2,49,51,7,5,18,14,5,2,1,0,17,17,3,6
2019,Latvia,North Macedonia,0,2,48,52,2,8,10,13,4,3,0,0,17,14,6,2
2019,Northern Ireland,Germany,0,2,26,74,2,7,5,21,2,1,0,0,9,10,5,1
2019,Poland,Austria,0,0,35,65,2,6,7,22,2,3,0,0,12,14,6,2
2019,Russia,Kazakhstan,1,0,61,39,3,1,24,4,0,0,0,0,4,12,1,2
2019,San Marino,Cyprus,0,4,25,75,0,14,0,30,1,0,0,0,11,11,10,0
2019,Scotland,Belgium,0,4,48,52,3,8,10,15,2,1,0,0,12,11,5,3
2019,Slovenia,Israel,3,2,47,53,9,4,14,14,3,2,0,0,18,19,2,7
2019,Albania,Iceland,4,2,60,40,5,4,17,17,3,1,0,0,11,15,2,1
2019,England,Kosovo,5,3,58,42,10,3,16,8,0,5,0,0,5,9,0,6
2019,France,Andorra,3,0,84,16,12,0,31,1,0,1,0,0,6,11,0,10
2019,Lithuania,Portugal,1,5,34,66,3,14,7,29,0,0,0,0,10,7,10,2
2019,Luxembourg,Serbia,1,3,39,61,7,4,23,14,2,3,0,0,13,14,0,6
2019,Moldova,Turkey,0,4,25,75,1,7,4,18,0,0,0,0,5,10,3,1
2019,Montenegro,Czech Republic,0,3,47,53,3,8,8,17,2,2,0,0,12,33,5,3
2019,Kazakhstan,Cyprus,1,2,46,54,4,4,15,10,6,2,0,0,21,8,2,4
2019,Belarus,Estonia,0,0,47,53,7,0,19,9,1,1,0,0,10,8,0,7
2019,Austria,Israel,3,1,54,46,7,4,16,11,2,2,0,0,15,6,3,4
2019,Belgium,San Marino,9,0,83,17,17,0,44,0,1,2,0,0,14,9,0,9
2019,Croatia,Hungary,3,0,68,32,8,1,17,5,2,1,0,1,15,13,1,5
2019,Latvia,Poland,0,3,35,65,0,7,7,14,1,0,0,0,8,13,4,0
2019,Netherlands,Northern Ireland,3,1,77,23,7,1,23,2,1,3,0,0,13,13,0,3
2019,North Macedonia,Slovenia,2,1,46,54,5,4,13,12,4,1,0,0,10,14,3,3
2019,Russia,Scotland,4,0,64,36,5,2,18,4,0,1,0,0,9,4,1,1
2019,Slovakia,Wales,1,1,70,30,4,6,13,15,0,4,1,0,9,14,5,3
2019,Andorra,Moldova,1,0,31,69,3,3,9,13,3,2,0,1,25,14,4,2
2019,Czech Republic,England,2,1,44,56,8,4,17,7,1,3,0,0,16,10,3,6
2019,Iceland,France,0,1,29,71,1,6,6,22,2,3,0,0,12,6,5,1
2019,Montenegro,Bulgaria,0,0,48,52,3,1,12,16,2,2,0,0,21,22,1,3
2019,Portugal,Luxembourg,3,0,61,39,10,2,22,6,0,2,0,0,8,8,2,7
2019,Turkey,Albania,1,0,59,41,6,4,15,8,3,6,0,0,20,21,4,5
2019,Ukraine,Lithuania,2,0,68,32,4,1,16,6,1,2,0,0,14,18,1,2
2019,Georgia,Republic of Ireland,0,0,55,45,0,3,14,7,1,1,0,0,9,11,3,0
2019,Bosnia and Herzegovina,Finland,4,1,56,44,8,2,23,5,2,3,0,0,20,16,1,4
2019,Denmark,Switzerland,1,0,47,53,3,4,12,11,2,3,0,0,10,11,5,2
2019,Faroe Islands,Romania,0,3,32,68,3,11,6,28,4,3,0,0,13,10,8,3
2019,Italy,Greece,2,0,71,29,4,1,20,8,0,3,0,0,9,11,1,2
2019,Liechtenstein,Armenia,1,1,40,60,2,3,6,17,2,3,0,0,11,12,3,1
2019,Malta,Sweden,0,4,40,60,1,9,8,21,3,1,0,0,10,17,6,1
2019,Norway,Spain,1,1,38,62,3,3,9,12,1,5,0,0,6,7,2,2
2019,Kazakhstan,Belgium,0,2,34,66,1,3,6,11,4,2,0,0,12,11,1,1
2019,Belarus,Netherlands,1,2,24,76,1,7,9,21,5,0,0,0,10,5,5,0
2019,Cyprus,Russia,0,5,30,70,0,12,3,22,0,1,1,0,5,18,7,0
2019,Hungary,Azerbaijan,1,0,52,48,6,2,23,4,2,5,0,0,12,13,2,5
2019,Scotland,San Marino,6,0,75,25,13,2,32,4,1,2,0,0,19,9,2,7
2019,Estonia,Germany,0,3,31,69,2,6,8,13,2,0,0,1,6,6,3,2
2019,Poland,North Macedonia,2,0,64,36,4,2,20,7,3,6,0,0,19,12,2,2
2019,Slovenia,Austria,0,1,45,55,2,4,9,12,2,4,1,0,16,24,3,2
2019,Wales,Croatia,1,1,36,64,3,2,6,6,3,5,0,0,10,16,1,2
2019,Bulgaria,England,0,6,28,72,2,13,4,20,0,1,0,0,6,10,7,2
2019,France,Turkey,1,1,64,36,9,1,22,5,2,3,0,0,10,10,0,9
2019,Iceland,Andorra,2,0,69,31,7,2,17,6,1,2,0,0,14,17,2,5
2019,Kosovo,Montenegro,2,0,50,50,7,4,22,7,3,4,0,0,23,16,4,5
2019,Lithuania,Serbia,1,2,41,59,3,8,10,17,2,1,0,0,16,19,6,2
2019,Moldova,Albania,0,4,31,69,1,7,6,15,5,3,0,0,16,13,3,1
2019,Ukraine,Portugal,2,1,41,59,4,10,5,24,3,2,1,0,12,11,9,2
2019,Finland,Armenia,3,0,61,39,8,2,16,11,0,3,0,0,15,16,2,5
2019,Faroe Islands,Malta,1,0,60,40,3,2,9,14,0,2,0,0,12,12,2,2
2019,Gibraltar,Georgia,2,3,34,66,5,6,9,19,2,1,0,0,11,10,3,3
2019,Greece,Bosnia and Herzegovina,2,1,50,50,8,3,27,5,3,2,0,0,16,14,1,6
2019,Israel,Latvia,3,1,71,29,15,2,28,7,1,3,0,0,12,15,1,12
2019,Liechtenstein,Italy,0,5,20,80,3,11,8,25,1,1,0,0,6,11,6,3
2019,Romania,Norway,1,1,36,64,6,4,15,14,2,0,0,0,12,9,3,5
2019,Sweden,Spain,1,1,25,75,7,6,11,15,3,3,0,0,18,10,5,6
2019,Switzerland,Republic of Ireland,2,0,56,44,4,2,20,9,2,3,0,1,10,19,2,3
2019,Turkey,Iceland,0,0,63,37,3,2,12,9,4,2,0,0,11,17,1,3
2019,Albania,Andorra,2,2,79,21,5,2,18,3,1,4,0,0,6,20,0,3
2019,Czech Republic,Kosovo,2,1,58,42,8,1,27,4,2,4,0,0,16,12,0,5
2019,England,Montenegro,7,0,66,34,11,2,17,6,0,1,0,0,13,6,2,5
2019,France,Moldova,2,1,77,23,5,1,17,2,1,4,0,0,11,11,0,3
2019,Portugal,Lithuania,6,0,71,29,14,0,32,2,0,2,0,0,11,9,0,9
2019,Serbia,Luxembourg,3,2,68,32,12,4,16,10,0,2,0,0,12,15,2,9
2019,Armenia,Greece,0,1,36,64,2,5,8,19,3,3,0,0,13,10,4,2
2019,Finland,Liechtenstein,3,0,70,30,6,1,22,2,0,0,0,0,11,4,1,2
2019,Norway,Faroe Islands,4,0,65,35,6,1,17,2,0,2,0,0,15,9,1,2
2019,Bosnia and Herzegovina,Italy,0,3,45,55,5,7,17,12,1,2,0,0,10,9,4,4
2019,Denmark,Gibraltar,6,0,80,20,9,0,28,3,0,2,0,0,13,5,0,3
2019,Romania,Sweden,0,2,53,47,3,3,14,10,2,1,0,0,15,12,1,3
2019,Spain,Malta,7,0,80,20,15,0,32,1,0,0,0,0,4,7,0,7
2019,Switzerland,Georgia,1,0,68,32,11,5,23,14,1,2,0,0,12,15,5,9
2019,Cyprus,Scotland,1,2,58,42,3,4,12,8,1,5,0,0,12,18,2,2
2019,Azerbaijan,Wales,0,2,47,53,2,9,10,20,4,4,0,0,8,16,7,2
2019,Russia,Belgium,1,4,53,47,4,8,12,11,1,0,0,0,13,3,4,3
2019,San Marino,Kazakhstan,1,3,24,76,3,8,8,22,3,2,0,0,16,16,5,2
2019,Slovenia,Latvia,1,0,70,30,5,4,24,8,2,4,0,0,11,19,4,4
2019,Austria,North Macedonia,2,1,53,47,8,4,17,9,0,0,0,0,20,7,3,6
2019,Croatia,Slovakia,3,1,67,33,13,3,25,6,2,1,0,1,14,13,2,10
2019,Germany,Belarus,4,0,71,29,10,5,31,13,1,0,0,0,12,7,5,6
2019,Israel,Poland,1,2,52,48,2,11,10,20,1,1,0,0,12,8,8,1
2019,Northern Ireland,Netherlands,0,0,31,69,0,3,6,14,2,2,0,0,16,9,3,0
2019,Luxembourg,Portugal,0,2,38,62,1,4,6,12,2,1,0,0,16,9,2,1
2019,Serbia,Ukraine,2,2,53,47,6,5,13,13,2,1,0,0,12,10,3,4
2019,Bulgaria,Czech Republic,1,0,31,69,2,5,3,18,2,2,0,0,9,13,5,1
2019,Kosovo,England,0,4,45,55,3,7,12,13,1,0,0,0,8,10,3,3
2019,Albania,France,0,2,43,57,0,5,9,9,1,1,0,0,12,18,3,0
2019,Andorra,Turkey,0,2,19,81,0,4,2,14,3,1,0,0,19,14,2,0
2019,Moldova,Iceland,1,2,45,55,3,7,9,20,3,4,0,0,17,10,5,2
2019,Gibraltar,Switzerland,1,6,25,75,2,14,4,37,3,2,0,0,8,13,8,1
2019,Greece,Finland,2,1,59,41,7,2,26,4,1,2,0,0,6,14,1,4
2019,Italy,Armenia,9,1,71,29,12,5,24,14,0,1,0,0,11,10,4,3
2019,Liechtenstein,Bosnia and Herzegovina,0,3,24,76,1,9,1,30,2,0,0,0,7,6,6,1
2019,Malta,Norway,1,2,32,68,1,5,5,13,2,0,0,0,12,14,3,0
2019,Republic of Ireland,Denmark,1,1,52,48,3,2,15,3,2,2,0,0,9,10,1,2
2019,Spain,Romania,5,0,74,26,6,2,21,6,1,1,0,0,10,7,2,2
2019,Sweden,Faroe Islands,3,0,65,35,9,3,20,8,3,2,0,0,13,6,2,6
2019,Belgium,Cyprus,6,1,61,39,12,1,18,8,0,1,0,0,11,2,0,7
2019,Germany,Northern Ireland,6,1,72,28,11,1,22,7,0,0,0,0,11,9,0,6
2019,Latvia,Austria,1,0,25,75,3,3,12,21,2,1,0,0,17,15,3,2
2019,Netherlands,Estonia,5,0,66,34,14,2,22,9,0,0,0,0,5,7,2,9
2019,North Macedonia,Israel,1,0,43,57,5,5,15,10,2,4,0,0,5,14,5,4
2019,Poland,Slovenia,3,2,59,41,7,3,20,10,3,0,0,1,14,15,1,4
2019,San Marino,Russia,0,5,18,82,1,15,3,25,4,1,0,0,16,10,10,1
2019,Scotland,Kazakhstan,3,1,61,39,9,3,22,5,1,4,0,0,7,16,2,6
2019,Slovakia,Azerbaijan,2,0,64,36,8,1,16,4,2,3,0,0,9,14,1,6
2019,Wales,Hungary,2,0,41,59,5,2,16,5,2,2,0,0,15,21,2,3
2020,Georgia,Belarus,1,0,49,51,6,1,7,5,4,1,0,0,17,17,1,5
2020,Bosnia and Herzegovina,Northern Ireland,1,1,59,41,6,3,20,13,3,1,0,0,15,18,2,5
2020,Bulgaria,Hungary,1,3,47,53,5,4,11,9,0,2,0,0,12,17,1,4
2020,Iceland,Romania,2,1,39,61,3,1,8,7,1,2,0,0,10,12,0,1
2020,North Macedonia,Kosovo,2,1,41,59,8,5,17,10,6,1,0,0,13,20,4,7
2020,Norway,Serbia,1,2,50,50,3,9,9,18,1,3,0,0,12,12,7,2
2020,Scotland,Israel,0,0,42,58,0,1,17,12,3,3,0,0,16,15,1,0
2020,Slovakia,Republic of Ireland,0,0,54,46,3,3,12,13,2,3,0,0,13,22,2,2
2020,Georgia,North Macedonia,0,1,56,44,2,2,11,7,2,3,0,0,15,14,1,3
2020,Hungary,Iceland,2,1,73,27,7,6,16,15,1,2,0,0,15,16,5,5
2020,Northern Ireland,Slovakia,1,2,46,54,3,3,16,9,1,2,0,0,13,11,1,3
2020,Serbia,Scotland,1,1,58,42,4,4,15,10,2,1,0,0,10,15,3,3
2021,Turkey,Italy,0,3,39,61,0,8,3,24,2,0,0,0,10,8,6,0
2021,Wales,Switzerland,1,1,38,62,2,4,9,18,1,2,0,0,6,9,3,1
2021,Denmark,Finland,0,1,63,37,6,1,22,1,0,2,0,0,11,12,0,6
2021,Belgium,Russia,3,0,62,38,4,1,9,5,0,0,0,0,9,11,1,1
2021,England,Croatia,1,0,52,48,2,1,8,8,1,3,0,0,9,10,1,1
2021,Austria,North Macedonia,3,1,60,40,7,2,11,7,1,2,0,0,13,16,1,4
2021,Netherlands,Ukraine,3,2,63,37,7,5,15,8,0,1,0,0,8,8,3,4
2021,Scotland,Czech Republic,0,2,56,44,5,7,19,10,0,0,0,0,6,6,5,6
2021,Poland,Slovakia,1,2,56,44,3,2,17,11,0,1,1,0,15,13,1,2
2021,Spain,Sweden,0,0,75,25,5,0,17,4,0,1,0,0,7,11,0,5
2021,Hungary,Portugal,0,3,35,65,3,7,5,11,2,1,0,0,10,15,4,3
2021,France,Germany,1,0,41,59,1,1,4,10,0,1,0,0,7,10,1,1
2021,Finland,Russia,0,1,44,56,1,3,11,14,2,3,0,0,12,12,2,1
2021,Turkey,Wales,0,2,56,44,5,7,17,16,2,2,0,0,18,8,5,5
2021,Italy,Switzerland,3,0,49,51,3,1,13,6,0,2,0,0,10,12,1,0
2021,Ukraine,North Macedonia,2,1,52,48,8,5,17,13,1,2,0,0,9,9,4,7
2021,Denmark,Belgium,1,2,47,53,6,4,22,6,3,1,0,0,8,14,2,4
2021,Netherlands,Austria,2,0,47,53,3,1,14,8,1,2,0,0,13,9,1,1
2021,Sweden,Slovakia,1,0,43,57,4,0,13,10,1,3,0,0,16,7,0,3
2021,Croatia,Czech Republic,1,1,50,50,2,1,11,11,1,3,0,0,7,12,0,1
2021,England,Scotland,0,0,60,40,1,1,9,11,0,2,0,0,13,14,1,1
2021,Hungary,France,1,1,39,61,3,4,5,16,1,1,0,0,17,15,3,2
2021,Portugal,Germany,2,4,44,56,2,7,8,13,0,2,0,0,5,15,5,0
2021,Spain,Poland,1,1,69,31,5,2,11,5,2,4,0,0,16,18,1,4
2021,Italy,Wales,1,0,64,36,6,1,23,3,1,2,0,1,14,12,1,6
2021,Switzerland,Turkey,3,1,49,51,10,6,23,19,1,3,0,0,14,20,5,7
2021,Wales,Denmark,0,4,47,53,1,8,11,16,4,0,1,0,11,9,4,1
2021,Italy,Austria,2,1,52,48,6,3,26,16,2,3,0,0,10,22,2,4
2021,North Macedonia,Netherlands,0,3,43,57,1,7,12,17,4,0,0,0,8,13,4,1
2021,Ukraine,Austria,0,1,51,49,1,4,5,18,0,0,0,0,10,11,3,2
2021,Finland,Belgium,0,2,42,58,1,7,7,17,0,0,0,0,6,10,6,1
2021,Russia,Denmark,1,4,39,61,2,10,6,16,2,1,0,0,15,16,6,1
2021,Croatia,Scotland,3,1,64,36,7,4,11,12,1,1,0,0,10,8,4,4
2021,Czech Republic,England,0,1,43,57,1,2,7,5,1,0,0,0,10,11,2,2
2021,Slovakia,Spain,0,5,38,62,0,9,3,17,2,2,0,0,14,7,6,0
2021,Sweden,Poland,3,2,40,60,4,6,12,19,1,2,0,0,13,13,5,1
2021,Germany,Hungary,2,2,70,30,6,4,16,8,2,3,0,0,8,10,1,4
2021,Portugal,France,2,2,49,51,5,5,10,11,0,4,0,0,9,15,3,3
2021,Netherlands,Czech Republic,0,2,52,48,0,5,7,13,2,1,1,0,6,14,3,0
2021,Belgium,Portugal,1,0,44,56,1,5,6,24,2,3,0,0,14,9,5,0
2021,Croatia,Spain,3,5,36,64,6,10,12,23,2,0,0,0,26,10,5,4
2021,France,Switzerland,3,3,53,47,8,5,26,13,3,4,0,0,14,13,2,5
