Year,Player,Pos,Squad,Age,Born,MP,Starts,Min,90s,Gls,Ast,G+A,G-PK,PK,PKatt,CrdY,CrdR,Gls,Ast,G+A,G-PK,G+A-PK
2016,Amir Abrashi,MF,al Albania,25,1990,3,3,270,3,0,0,0,0,0,0,1,0,0,0,0,0,0
2016,Aritz Aduriz,FW,es Spain,34,1981,3,0,88,1,0,0,0,0,0,0,0,0,0,0,0,0,0
2016,Ansi Agolli,DF,al Albania,33,1982,3,3,270,3,0,0,0,0,0,0,0,0,0,0,0,0,0
2016,Arlind Ajeti,DF,al Albania,22,1993,2,2,174,1.9,0,0,0,0,0,0,0,0,0,0,0,0,0
2016,Igor Akinfeev,GK,ru Russia,29,1986,3,3,270,3,0,0,0,0,0,0,0,0,0,0,0,0,0
2016,David Alaba,MF,at Austria,23,1992,3,3,244,2.7,0,1,1,0,0,0,0,0,0,0.37,0.37,0,0.37
2016,Jordi Alba,DF,es Spain,26,1989,4,4,350,3.9,0,1,1,0,0,0,0,0,0,0.26,0.26,0,0.26
2016,Thiago Alcántara,MF,es Spain,24,1991,2,0,28,0.3,0,0,0,0,0,0,0,0,0,0,0,0,0
2016,Toby Alderweireld,DF,be Belgium,26,1989,5,5,450,5,1,0,1,1,0,0,1,0,0.2,0,0.2,0.2,0.2
2016,Denis Alibec,FW,ro Romania,25,1991,2,1,86,1,0,0,0,0,0,0,0,0,0,0,0,0,0
2016,Joe Allen,MF,wls Wales,25,1990,6,6,523,5.8,0,1,1,0,0,0,1,0,0,0.17,0.17,0,0.17
2016,Dele Alli,MF,eng England,19,1996,4,3,300,3.3,0,1,1,0,0,0,0,0,0,0.3,0.3,0,0.3
2016,Robert Almer,GK,at Austria,31,1984,3,3,270,3,0,0,0,0,0,0,0,0,0,0,0,0,0
2016,Bruno Alves,DF,pt Portugal,34,1981,1,1,90,1,0,0,0,0,0,0,1,0,0,0,0,0,0
2016,Florin Andone,FW,ro Romania,22,1993,3,1,91,1,0,0,0,0,0,0,0,0,0,0,0,0,0
2016,Kári Árnason,DF,is Iceland,33,1982,5,5,405,4.5,0,2,2,0,0,0,1,0,0,0.44,0.44,0,0.44
2016,Marko Arnautovi?,MF,at Austria,26,1989,3,3,270,3,0,0,0,0,0,0,0,0,0,0,0,0,0
2016,César Azpilicueta,"DF,MF",es Spain,26,1989,1,0,10,0.1,0,0,0,0,0,0,0,0,0,0,0,0,0
2016,Volkan Babacan,GK,tr Türkiye,27,1988,3,3,270,3,0,0,0,0,0,0,0,0,0,0,0,0,0
2016,Milan Badelj,MF,hr Croatia,26,1989,4,4,390,4.3,0,1,1,0,0,0,1,0,0,0.23,0.23,0,0.23
2016,Chris Baird,MF,nir Northern Ireland,33,1982,1,1,75,0.8,0,0,0,0,0,0,0,0,0,0,0,0,0
2016,Bekim Balaj,FW,al Albania,25,1991,1,0,32,0.4,0,0,0,0,0,0,0,0,0,0,0,0,0
2016,Gareth Bale,FW,wls Wales,26,1989,6,6,532,5.9,3,0,3,3,0,0,1,0,0.51,0,0.51,0.51,0.51
2016,Hakan Balta,DF,tr Türkiye,32,1983,3,3,270,3,0,0,0,0,0,0,2,0,0,0,0,0,0
2016,Andrea Barzagli,DF,it Italy,34,1981,5,5,480,5.3,0,0,0,0,0,0,1,0,0,0,0,0,0
2016,Migjen Basha,MF,al Albania,29,1987,1,1,82,0.9,0,0,0,0,0,0,1,0,0,0,0,0,0
2016,Michy Batshuayi,FW,be Belgium,22,1993,2,0,23,0.3,1,0,1,1,0,0,1,0,3.91,0,3.91,3.91,3.91
2016,Julian Baumgartlinger,MF,at Austria,28,1988,3,3,270,3,0,0,0,0,0,0,0,0,0,0,0,0,0
2016,Valon Behrami,MF,ch Switzerland,30,1985,4,4,346,3.8,0,0,0,0,0,0,1,0,0,0,0,0,0
2016,Christian Benteke,FW,be Belgium,25,1990,2,0,12,0.1,0,0,0,0,0,0,0,0,0,0,0,0,0
2016,Aleksei Berezutski,DF,ru Russia,33,1982,3,3,225,2.5,1,0,1,1,0,0,0,0,0.4,0,0.4,0.4,0.4
2016,Vasili Berezutski,DF,ru Russia,33,1982,1,0,45,0.5,0,0,0,0,0,0,0,0,0,0,0,0,0
2016,Erik Berg,DF,se Sweden,27,1988,3,2,226,2.5,0,0,0,0,0,0,1,0,0,0,0,0,0
2016,Jóhann Berg Guðmundsson,MF,is Iceland,25,1990,5,5,444,4.9,0,1,1,0,0,0,1,0,0,0.2,0.2,0,0.2
2016,Marcus Berg,FW,se Sweden,29,1986,3,2,126,1.4,0,0,0,0,0,0,0,0,0,0,0,0,0
2016,Etrit Berisha,GK,al Albania,26,1989,3,3,270,3,0,0,0,0,0,0,0,0,0,0,0,0,0
2016,Federico Bernardeschi,MF,it Italy,21,1994,1,1,59,0.7,0,0,0,0,0,0,0,0,0,0,0,0,0
2016,Ryan Bertrand,DF,eng England,26,1989,1,1,90,1,0,0,0,0,0,0,1,0,0,0,0,0,0
2016,Barnabás Bese,"DF,FW",hu Hungary,21,1994,1,0,45,0.5,0,0,0,0,0,0,0,0,0,0,0,0,0
2016,Birkir Bjarnason,MF,is Iceland,27,1988,5,5,450,5,2,0,2,2,0,0,2,0,0.4,0,0.4,0.4,0.4
2016,Jérôme Boateng,DF,de Germany,27,1988,6,6,506,5.6,1,0,1,1,0,0,1,0,0.18,0,0.18,0.18,0.18
2016,Dániel Böde,FW,hu Hungary,29,1986,2,0,36,0.4,0,0,0,0,0,0,0,0,0,0,0,0,0
2016,Leonardo Bonucci,DF,it Italy,28,1987,5,5,480,5.3,1,1,2,0,1,1,1,0,0.19,0.19,0.37,0,0.19
2016,Robbie Brady,"MF,DF",ie Rep. of Ireland,24,1992,4,4,360,4,2,0,2,1,1,1,0,0,0.5,0,0.5,0.25,0.25
2016,Marcelo Brozovi?,MF,hr Croatia,23,1992,3,3,300,3.3,0,1,1,0,0,0,1,0,0,0.3,0.3,0,0.3
2016,Gianluigi Buffon,GK,it Italy,38,1978,4,4,390,4.3,0,0,0,0,0,0,1,0,0,0,0,0,0
2016,Sergio Busquets,MF,es Spain,27,1988,4,4,360,4,0,0,0,0,0,0,1,0,0,0,0,0,0
2016,Bohdan Butko,DF,ua Ukraine,25,1991,1,1,90,1,0,0,0,0,0,0,0,0,0,0,0,0,0
2016,Jakub B?aszczykowski,MF,pl Poland,30,1985,5,4,443,4.9,2,1,3,2,0,0,0,0,0.41,0.2,0.61,0.41,0.61
2016,Yohan Cabaye,MF,fr France,30,1986,2,1,91,1,0,0,0,0,0,0,0,0,0,0,0,0,0
2016,Gary Cahill,DF,eng England,30,1985,4,4,360,4,0,0,0,0,0,0,1,0,0,0,0,0,0
2016,Hakan Çalhano?lu,FW,tr Türkiye,21,1994,2,2,135,1.5,0,0,0,0,0,0,0,0,0,0,0,0,0
2016,Emre Can,MF,de Germany,22,1994,1,1,66,0.7,0,0,0,0,0,0,1,0,0,0,0,0,0
2016,Lorik Cana,DF,al Albania,32,1983,2,1,44,0.5,0,0,0,0,0,0,2,1,0,0,0,0,0
2016,Antonio Candreva,MF,it Italy,28,1987,2,2,180,2,0,1,1,0,0,0,0,0,0,0.5,0.5,0,0.5
2016,Yannick Carrasco,MF,be Belgium,22,1993,5,3,213,2.4,1,0,1,1,0,0,0,0,0.42,0,0.42,0.42,0.42
2016,Ricardo Carvalho,DF,pt Portugal,37,1978,3,3,270,3,0,0,0,0,0,0,0,0,0,0,0,0,0
2016,William Carvalho,MF,pt Portugal,23,1992,5,5,509,5.7,0,0,0,0,0,0,3,0,0,0,0,0,0
2016,Craig Cathcart,DF,nir Northern Ireland,26,1989,4,4,360,4,0,0,0,0,0,0,1,0,0,0,0,0,0
2016,Petr ?ech,GK,cz Czechia,33,1982,3,3,270,3,0,0,0,0,0,0,0,0,0,0,0,0,0
2016,James Chester,DF,wls Wales,27,1989,6,6,540,6,0,0,0,0,0,0,2,0,0,0,0,0,0
2016,Giorgio Chiellini,DF,it Italy,31,1984,4,4,389,4.3,1,0,1,1,0,0,1,0,0.23,0,0.23,0.23,0.23
2016,Alexandru Chipciu,MF,ro Romania,26,1989,2,1,109,1.2,0,0,0,0,0,0,1,0,0,0,0,0,0
2016,Vlad Chiriche?,DF,ro Romania,26,1989,3,3,270,3,0,0,0,0,0,0,1,0,0,0,0,0,0
2016,Simon Church,FW,wls Wales,27,1988,2,0,36,0.4,0,0,0,0,0,0,0,0,0,0,0,0,0
2016,Sokol Cikalleshi,"FW,MF",al Albania,25,1990,1,0,17,0.2,0,0,0,0,0,0,0,0,0,0,0,0,0
2016,Laurent Ciman,DF,be Belgium,30,1985,1,1,75,0.8,0,0,0,0,0,0,0,0,0,0,0,0,0
2016,Thiago Cionek,DF,pl Poland,29,1986,1,1,90,1,0,0,0,0,0,0,0,0,0,0,0,0,0
2016,Ciaran Clark,DF,ie Rep. of Ireland,26,1989,2,2,180,2,0,0,0,0,0,0,0,0,0,0,0,0,0
2016,Nathaniel Clyne,DF,eng England,24,1991,1,1,90,1,0,0,0,0,0,0,0,0,0,0,0,0,0
2016,Séamus Coleman,DF,ie Rep. of Ireland,27,1988,4,4,360,4,0,1,1,0,0,0,1,0,0,0.25,0.25,0,0.25
2016,James Collins,DF,wls Wales,32,1983,2,1,66,0.7,0,0,0,0,0,0,0,0,0,0,0,0,0
2016,Kingsley Coman,"MF,FW",fr France,19,1996,6,2,271,3,0,0,0,0,0,0,0,0,0,0,0,0,0
2016,Duje ?op,FW,hr Croatia,25,1990,1,0,1,0,0,0,0,0,0,0,0,0,0,0,0,0,0
2016,Vedran ?orluka,DF,hr Croatia,29,1986,4,4,389,4.3,0,0,0,0,0,0,0,0,0,0,0,0,0
2016,Thibaut Courtois,GK,be Belgium,23,1992,5,5,450,5,0,0,0,0,0,0,0,0,0,0,0,0,0
2016,Stuart Dallas,MF,nir Northern Ireland,24,1991,4,3,315,3.5,0,0,0,0,0,0,2,0,0,0,0,0,0
2016,Vladimír Darida,MF,cz Czechia,25,1990,3,3,270,3,0,0,0,0,0,0,0,0,0,0,0,0,0
2016,Matteo Darmian,MF,it Italy,26,1989,4,1,131,1.5,0,1,1,0,0,0,0,0,0,0.69,0.69,0,0.69
2016,Ben Davies,DF,wls Wales,22,1993,5,5,450,5,0,0,0,0,0,0,2,0,0,0,0,0,0
2016,Steven Davis,MF,nir Northern Ireland,31,1985,4,4,360,4,0,0,0,0,0,0,1,0,0,0,0,0,0
2016,Jón Daði Böðvarsson,FW,is Iceland,23,1992,5,5,361,4,1,1,2,1,0,0,1,0,0.25,0.25,0.5,0.25,0.5
2016,Kevin De Bruyne,MF,be Belgium,24,1991,5,5,450,5,0,2,2,0,0,0,0,0,0,0.4,0.4,0,0.4
2016,Daniele De Rossi,MF,it Italy,32,1983,3,3,202,2.2,0,0,0,0,0,0,1,0,0,0,0,0,0
2016,Mattia De Sciglio,MF,it Italy,23,1992,4,3,323,3.6,0,0,0,0,0,0,2,0,0,0,0,0,0
2016,Mousa Dembélé,MF,be Belgium,28,1987,1,1,56,0.6,0,0,0,0,0,0,0,0,0,0,0,0,0
2016,Jason Denayer,DF,be Belgium,20,1995,1,1,90,1,0,0,0,0,0,0,0,0,0,0,0,0,0
2016,Eren Derdiyok,FW,ch Switzerland,27,1988,1,0,51,0.6,0,1,1,0,0,0,0,0,0,1.76,1.76,0,1.76
2016,Eric Dier,MF,eng England,22,1994,4,4,315,3.5,1,0,1,1,0,0,0,0,0.29,0,0.29,0.29,0.29
2016,Johan Djourou,DF,ch Switzerland,29,1987,4,4,390,4.3,0,1,1,0,0,0,1,0,0,0.23,0.23,0,0.23
2016,Bo?ek Do?kal,MF,cz Czechia,27,1988,1,1,70,0.8,0,0,0,0,0,0,0,0,0,0,0,0,0
2016,Aleksandar Dragovi?,DF,at Austria,24,1991,2,2,155,1.7,0,0,0,0,0,1,2,1,0,0,0,0,0
2016,Julian Draxler,MF,de Germany,22,1993,5,4,357,4,1,1,2,1,0,0,1,0,0.25,0.25,0.5,0.25,0.5
2016,Ondrej Duda,FW,sk Slovakia,21,1994,3,2,154,1.7,1,0,1,1,0,0,0,0,0.58,0,0.58,0.58,0.58
2016,Shane Duffy,DF,ie Rep. of Ireland,24,1992,2,2,156,1.7,0,0,0,0,0,0,0,1,0,0,0,0,0
2016,Ján ?urica,DF,sk Slovakia,34,1981,4,4,360,4,0,0,0,0,0,0,1,0,0,0,0,0,0
2016,Michal ?uriš,FW,sk Slovakia,27,1988,3,2,133,1.5,0,0,0,0,0,0,0,0,0,0,0,0,0
2016,Jimmy Durmaz,MF,se Sweden,26,1989,2,0,34,0.4,0,0,0,0,0,0,0,0,0,0,0,0,0
2016,Blerim Džemaili,MF,ch Switzerland,29,1986,4,4,303,3.4,0,0,0,0,0,0,0,0,0,0,0,0,0
2016,Balázs Dzsudzsák,"MF,FW",hu Hungary,29,1986,4,4,360,4,2,0,2,2,0,0,1,0,0.5,0,0.5,0.5,0.5
2016,Artem Dzyuba,FW,ru Russia,27,1988,3,3,270,3,0,0,0,0,0,0,0,0,0,0,0,0,0
2016,Éder,FW,pt Portugal,28,1987,3,0,57,0.6,1,0,1,1,0,0,0,0,1.58,0,1.58,1.58,1.58
2016,Éder,FW,it Italy,29,1986,4,4,350,3.9,1,0,1,1,0,0,1,0,0.26,0,0.26,0.26,0.26
2016,David Edwards,MF,wls Wales,29,1986,3,1,109,1.2,0,0,0,0,0,0,0,0,0,0,0,0,0
2016,Albin Ekdal,MF,se Sweden,26,1989,3,2,173,1.9,0,0,0,0,0,0,1,0,0,0,0,0,0
2016,Ákos Elek,MF,hu Hungary,27,1988,2,1,135,1.5,0,0,0,0,0,0,1,0,0,0,0,0,0
2016,Eliseu,DF,pt Portugal,32,1983,2,2,210,2.3,0,0,0,0,0,0,0,0,0,0,0,0,0
2016,Theódór Elmar Bjarnason,"FW,MF",is Iceland,28,1987,3,0,35,0.4,0,1,1,0,0,0,0,0,0,2.57,2.57,0,2.57
2016,Breel Embolo,FW,ch Switzerland,18,1997,4,1,193,2.1,0,0,0,0,0,0,1,0,0,0,0,0,0
2016,Caner Erkin,DF,tr Türkiye,27,1988,2,2,180,2,0,0,0,0,0,0,0,0,0,0,0,0,0
2016,Corry Evans,MF,nir Northern Ireland,25,1990,3,3,262,2.9,0,0,0,0,0,0,0,0,0,0,0,0,0
2016,Jonny Evans,DF,nir Northern Ireland,28,1988,4,4,360,4,0,0,0,0,0,0,1,0,0,0,0,0,0
2016,Patrice Evra,DF,fr France,34,1981,7,7,660,7.3,0,0,0,0,0,0,1,0,0,0,0,0,0
2016,?ukasz Fabia?ski,GK,pl Poland,30,1985,4,4,420,4.7,0,0,0,0,0,0,0,0,0,0,0,0,0
2016,Cesc Fàbregas,MF,es Spain,28,1987,4,4,312,3.5,0,2,2,0,0,0,0,0,0,0.58,0.58,0,0.58
2016,Artem Fedetskyi,DF,ua Ukraine,30,1985,3,3,270,3,0,0,0,0,0,0,0,0,0,0,0,0,0
2016,Marouane Fellaini,MF,be Belgium,28,1987,3,1,145,1.6,0,0,0,0,0,0,2,0,0,0,0,0,0
2016,Shane Ferguson,MF,nir Northern Ireland,24,1991,1,1,65,0.7,0,0,0,0,0,0,0,0,0,0,0,0,0
2016,Gelson Fernandes,MF,ch Switzerland,29,1986,3,0,58,0.6,0,0,0,0,0,0,0,0,0,0,0,0,0
2016,Steliano Filip,"DF,MF",ro Romania,21,1994,1,0,30,0.3,0,0,0,0,0,0,0,0,0,0,0,0,0
2016,Alfreð Finnbogason,FW,is Iceland,26,1989,3,0,77,0.9,0,0,0,0,0,0,2,0,0,0,0,0,0
2016,Attila Fiola,DF,hu Hungary,25,1990,1,1,90,1,0,0,0,0,0,0,0,0,0,0,0,0,0
2016,Alessandro Florenzi,MF,it Italy,24,1991,4,4,342,3.8,0,0,0,0,0,0,0,0,0,0,0,0,0
2016,José Fonte,DF,pt Portugal,32,1983,4,4,450,5,0,0,0,0,0,0,1,0,0,0,0,0,0
2016,Emil Forsberg,MF,se Sweden,24,1991,3,3,249,2.8,0,0,0,0,0,0,0,0,0,0,0,0,0
2016,Fabian Frei,"DF,MF",ch Switzerland,27,1989,1,0,16,0.2,0,0,0,0,0,0,0,0,0,0,0,0,0
2016,Ari Freyr Skúlason,DF,is Iceland,28,1987,5,5,450,5,0,1,1,0,0,0,1,0,0,0.2,0.2,0,0.2
2016,Christian Fuchs,DF,at Austria,29,1986,3,3,270,3,0,0,0,0,0,0,1,0,0,0,0,0,0
2016,Shkëlzen Gashi,"FW,MF",al Albania,27,1988,1,0,9,0.1,0,0,0,0,0,0,0,0,0,0,0,0,0
2016,David de Gea,GK,es Spain,25,1990,4,4,360,4,0,0,0,0,0,0,0,0,0,0,0,0,0
2016,Theodor Gebre Selassie,MF,cz Czechia,29,1986,1,1,85,0.9,0,0,0,0,0,0,0,0,0,0,0,0,0
2016,Zoltán Gera,MF,hu Hungary,36,1979,4,4,270,3,1,0,1,1,0,0,1,0,0.33,0,0.33,0.33,0.33
2016,Emanuele Giaccherini,MF,it Italy,30,1985,4,4,390,4.3,1,1,2,1,0,0,1,0,0.23,0.23,0.46,0.23,0.46
2016,André-Pierre Gignac,FW,fr France,30,1985,6,1,208,2.3,0,1,1,0,0,0,0,0,0,0.43,0.43,0,0.43
2016,Olivier Giroud,FW,fr France,29,1986,6,6,452,5,3,2,5,3,0,0,1,0,0.6,0.4,1,0.6,1
2016,Kamil Glik,DF,pl Poland,27,1988,5,5,510,5.7,0,0,0,0,0,0,1,0,0,0,0,0,0
2016,Denis Glushakov,MF,ru Russia,29,1987,3,1,146,1.6,1,0,1,1,0,0,0,0,0.62,0,0.62,0.62,0.62
2016,Aleksandr Golovin,MF,ru Russia,19,1996,3,2,160,1.8,0,0,0,0,0,0,0,0,0,0,0,0,0
2016,André Gomes,MF,pt Portugal,22,1993,5,4,291,3.2,0,1,1,0,0,0,0,0,0,0.31,0.31,0,0.31
2016,Mario Gómez,FW,de Germany,30,1985,4,3,271,3,2,0,2,2,0,0,0,0,0.66,0,0.66,0.66,0.66
2016,Gökhan Gönül,DF,tr Türkiye,31,1985,3,3,270,3,0,0,0,0,0,0,0,0,0,0,0,0,0
2016,Mario Götze,"FW,MF",de Germany,23,1992,4,3,232,2.6,0,0,0,0,0,0,0,0,0,0,0,0,0
2016,Andreas Granqvist,DF,se Sweden,30,1985,3,3,270,3,0,0,0,0,0,0,0,0,0,0,0,0,0
2016,Ján Greguš,MF,sk Slovakia,25,1991,1,0,45,0.5,0,0,0,0,0,0,0,0,0,0,0,0,0
2016,Antoine Griezmann,"FW,MF",fr France,24,1991,7,6,554,6.2,6,2,8,5,1,1,0,0,0.97,0.32,1.3,0.81,1.14
2016,Drago? Grigore,DF,ro Romania,29,1986,3,3,270,3,0,0,0,0,0,0,1,0,0,0,0,0,0
2016,Kamil Grosicki,MF,pl Poland,27,1988,5,3,301,3.3,0,2,2,0,0,0,1,0,0,0.6,0.6,0,0.6
2016,Raphaël Guerreiro,DF,pt Portugal,22,1993,5,5,510,5.7,0,1,1,0,0,0,1,0,0,0.18,0.18,0,0.18
2016,John Guidetti,FW,se Sweden,23,1992,3,1,144,1.6,0,0,0,0,0,0,0,0,0,0,0,0,0
2016,Aron Gunnarsson,MF,is Iceland,26,1989,5,5,424,4.7,0,0,0,0,0,0,1,0,0,0,0,0,0
2016,Chris Gunter,"MF,DF",wls Wales,26,1989,6,6,540,6,0,1,1,0,0,0,1,0,0,0.17,0.17,0,0.17
2016,Richárd Guzmics,DF,hu Hungary,28,1987,4,4,360,4,0,0,0,0,0,0,1,0,0,0,0,0,0
2016,Eiður Guðjohnsen,"FW,MF",is Iceland,37,1978,2,0,15,0.2,0,0,0,0,0,0,0,0,0,0,0,0,0
2016,Norbert Gyömbér,DF,sk Slovakia,23,1992,2,1,107,1.2,0,0,0,0,0,0,0,0,0,0,0,0,0
2016,Emil Hallfreðsson,"FW,MF",is Iceland,31,1984,1,0,26,0.3,0,0,0,0,0,0,0,0,0,0,0,0,0
2016,Marek Hamšík,MF,sk Slovakia,28,1987,4,4,360,4,1,1,2,1,0,0,0,0,0.25,0.25,0.5,0.25,0.5
2016,Denys Harmash,"FW,MF",ua Ukraine,25,1990,1,0,15,0.2,0,0,0,0,0,0,0,0,0,0,0,0,0
2016,Martin Harnik,MF,at Austria,28,1987,2,2,167,1.9,0,0,0,0,0,0,1,0,0,0,0,0,0
2016,Joe Hart,GK,eng England,28,1987,4,4,360,4,0,0,0,0,0,0,0,0,0,0,0,0,0
2016,Eden Hazard,"MF,FW",be Belgium,25,1991,5,5,439,4.9,1,4,5,1,0,0,0,0,0.21,0.82,1.03,0.21,1.03
2016,Jonas Hector,DF,de Germany,25,1990,6,6,570,6.3,0,1,1,0,0,0,0,0,0,0.16,0.16,0,0.16
2016,Jordan Henderson,MF,eng England,25,1990,1,1,90,1,0,0,0,0,0,0,0,0,0,0,0,0,0
2016,Jeff Hendrick,MF,ie Rep. of Ireland,24,1992,4,4,360,4,0,0,0,0,0,0,2,0,0,0,0,0,0
2016,Wayne Hennessey,GK,wls Wales,29,1987,5,5,450,5,0,0,0,0,0,0,0,0,0,0,0,0,0
2016,Martin Hinteregger,DF,at Austria,23,1992,3,3,270,3,0,0,0,0,0,0,1,0,0,0,0,0,0
2016,Lukas Hinterseer,"FW,MF",at Austria,24,1991,1,0,6,0.1,0,0,0,0,0,0,0,0,0,0,0,0,0
2016,Ovidiu Hoban,MF,ro Romania,33,1982,3,2,225,2.5,0,0,0,0,0,0,0,0,0,0,0,0,0
2016,Wes Hoolahan,MF,ie Rep. of Ireland,33,1982,4,2,180,2,1,1,2,1,0,0,0,0,0.5,0.5,1,0.5,1
2016,Benedikt Höwedes,DF,de Germany,27,1988,6,4,424,4.7,0,0,0,0,0,0,0,0,0,0,0,0,0
2016,Patrik Hrošovský,MF,sk Slovakia,23,1992,2,2,148,1.6,0,0,0,0,0,0,1,0,0,0,0,0,0
2016,Roman Hubník,DF,cz Czechia,31,1984,3,3,270,3,0,0,0,0,0,0,0,0,0,0,0,0,0
2016,Tomáš Hubo?an,DF,sk Slovakia,30,1985,2,2,180,2,0,0,0,0,0,0,0,0,0,0,0,0,0
2016,Aaron Hughes,DF,nir Northern Ireland,36,1979,3,3,270,3,0,0,0,0,0,0,0,0,0,0,0,0,0
2016,Mats Hummels,DF,de Germany,27,1988,4,4,390,4.3,0,1,1,0,0,0,2,0,0,0.23,0.23,0,0.23
2016,Elseid Hysaj,DF,al Albania,21,1994,3,3,270,3,0,0,0,0,0,0,1,0,0,0,0,0,0
2016,Zlatan Ibrahimovi?,FW,se Sweden,34,1981,3,3,270,3,0,0,0,0,0,0,0,0,0,0,0,0,0
2016,Sergei Ignashevich,DF,ru Russia,36,1979,3,3,270,3,0,0,0,0,0,0,0,0,0,0,0,0,0
2016,Stefan Ilsanker,MF,at Austria,26,1989,2,2,131,1.5,0,0,0,0,0,0,0,0,0,0,0,0,0
2016,Ciro Immobile,FW,it Italy,25,1990,2,1,89,1,0,0,0,0,0,0,0,0,0,0,0,0,0
2016,Selçuk ?nan,MF,tr Türkiye,30,1985,3,3,249,2.8,0,0,0,0,0,0,0,0,0,0,0,0,0
2016,Sverrir Ingi Ingason,DF,is Iceland,22,1993,2,0,50,0.6,0,0,0,0,0,0,0,0,0,0,0,0,0
2016,Arnór Ingvi Traustason,"FW,MF",is Iceland,22,1993,2,0,13,0.1,1,0,1,1,0,0,0,0,6.92,0,6.92,6.92,6.92
2016,Andrés Iniesta,MF,es Spain,31,1984,4,4,360,4,0,1,1,0,0,0,0,0,0,0.25,0.25,0,0.25
2016,Lorenzo Insigne,"FW,MF",it Italy,24,1991,3,0,41,0.5,0,0,0,0,0,0,1,0,0,0,0,0,0
2016,Andreas Isaksson,GK,se Sweden,34,1981,3,3,270,3,0,0,0,0,0,0,0,0,0,0,0,0,0
2016,Marc Janko,FW,at Austria,32,1983,2,1,109,1.2,0,0,0,0,0,0,1,0,0,0,0,0,0
2016,Jakob Jantscher,"FW,MF",at Austria,27,1989,1,0,13,0.1,0,0,0,0,0,0,0,0,0,0,0,0,0
2016,Artur J?drzejczyk,DF,pl Poland,28,1987,5,5,510,5.7,0,0,0,0,0,0,2,0,0,0,0,0,0
2016,Tin Jedvaj,DF,hr Croatia,20,1995,1,1,90,1,0,0,0,0,0,0,0,0,0,0,0,0,0
2016,Tomasz Jod?owiec,MF,pl Poland,30,1985,5,1,160,1.8,0,0,0,0,0,0,0,0,0,0,0,0,0
2016,Juanfran,DF,es Spain,31,1985,4,4,360,4,0,0,0,0,0,0,0,0,0,0,0,0,0
2016,Roland Juhász,DF,hu Hungary,32,1983,3,3,251,2.8,0,0,0,0,0,0,1,0,0,0,0,0,0
2016,Zlatko Junuzovi?,MF,at Austria,28,1987,1,1,58,0.6,0,0,0,0,0,0,0,0,0,0,0,0,0
2016,Ergys Kaçe,MF,al Albania,22,1993,1,0,29,0.3,0,0,0,0,0,0,1,0,0,0,0,0,0
2016,Tamás Kádár,DF,hu Hungary,25,1990,3,3,270,3,0,0,0,0,0,0,2,0,0,0,0,0,0
2016,Pavel Kade?ábek,DF,cz Czechia,23,1992,3,3,270,3,0,0,0,0,0,0,0,0,0,0,0,0,0
2016,Nikola Kalini?,FW,hr Croatia,28,1988,2,1,123,1.4,1,1,2,1,0,0,0,0,0.73,0.73,1.46,0.73,1.46
2016,Kim Källström,MF,se Sweden,33,1982,3,3,270,3,0,0,0,0,0,0,0,0,0,0,0,0,0
2016,Harry Kane,FW,eng England,22,1993,4,3,240,2.7,0,0,0,0,0,0,0,0,0,0,0,0,0
2016,N'Golo Kanté,MF,fr France,24,1991,4,3,245,2.7,0,1,1,0,0,0,3,0,0,0.37,0.37,0,0.37
2016,Bartosz Kapustka,MF,pl Poland,19,1996,4,2,207,2.3,0,0,0,0,0,0,3,0,0,0,0,0,0
2016,Robbie Keane,FW,ie Rep. of Ireland,35,1980,2,0,25,0.3,0,0,0,0,0,0,0,0,0,0,0,0,0
2016,Richard Keogh,DF,ie Rep. of Ireland,29,1986,2,2,180,2,0,0,0,0,0,0,0,0,0,0,0,0,0
2016,Claudiu Ke?erü,FW,ro Romania,29,1986,1,1,90,1,0,0,0,0,0,0,1,0,0,0,0,0,0
2016,Yevhen Khacheridi,DF,ua Ukraine,28,1987,3,3,270,3,0,0,0,0,0,0,0,0,0,0,0,0,0
2016,Sami Khedira,MF,de Germany,28,1987,5,5,338,3.8,0,0,0,0,0,0,1,0,0,0,0,0,0
2016,Joshua Kimmich,"DF,MF",de Germany,20,1995,4,4,390,4.3,0,0,0,0,0,0,1,0,0,0,0,0,0
2016,Andy King,MF,wls Wales,27,1988,3,1,118,1.3,0,0,0,0,0,0,0,0,0,0,0,0,0
2016,Gábor Király,GK,hu Hungary,39,1976,4,4,360,4,0,0,0,0,0,0,0,0,0,0,0,0,0
2016,Florian Klein,"DF,MF",at Austria,29,1986,3,3,270,3,0,0,0,0,0,0,0,0,0,0,0,0,0
2016,László Kleinheisler,MF,hu Hungary,21,1994,2,2,168,1.9,0,1,1,0,0,0,1,0,0,0.54,0.54,0,0.54
2016,Koke,MF,es Spain,24,1992,1,0,20,0.2,0,0,0,0,0,0,0,0,0,0,0,0,0
2016,Aleksandr Kokorin,MF,ru Russia,24,1991,3,3,254,2.8,0,0,0,0,0,0,0,0,0,0,0,0,0
2016,Daniel Kolá?,MF,cz Czechia,30,1985,1,0,1,0,0,0,0,0,0,0,0,0,0,0,0,0,0
2016,Dmitri Kombarov,DF,ru Russia,29,1987,1,1,90,1,0,0,0,0,0,0,0,0,0,0,0,0,0
2016,Yevhen Konoplyanka,MF,ua Ukraine,26,1989,3,3,270,3,0,0,0,0,0,0,1,0,0,0,0,0,0
2016,Mihály Korhut,DF,hu Hungary,27,1988,1,1,90,1,0,0,0,0,0,0,0,0,0,0,0,0,0
2016,Laurent Koscielny,DF,fr France,30,1985,7,7,641,7.1,0,0,0,0,0,0,2,0,0,0,0,0,0
2016,Mateo Kova?i?,MF,hr Croatia,21,1994,2,0,39,0.4,0,0,0,0,0,0,0,0,0,0,0,0,0
2016,Viktor Kovalenko,MF,ua Ukraine,19,1996,3,2,172,1.9,0,0,0,0,0,0,0,0,0,0,0,0,0
2016,?smail Köyba??,DF,tr Türkiye,26,1989,1,1,90,1,0,0,0,0,0,0,1,0,0,0,0,0,0
2016,Matúš Kozá?ik,GK,sk Slovakia,32,1983,4,4,360,4,0,0,0,0,0,0,0,0,0,0,0,0,0
2016,Andrej Kramari?,"FW,MF",hr Croatia,24,1991,3,0,6,0.1,0,0,0,0,0,0,0,0,0,0,0,0,0
2016,Ladislav Krej?í,MF,cz Czechia,23,1992,3,3,270,3,0,0,0,0,0,0,0,0,0,0,0,0,0
2016,Toni Kroos,MF,de Germany,26,1990,6,6,570,6.3,0,1,1,0,0,0,0,0,0,0.16,0.16,0,0.16
2016,Grzegorz Krychowiak,MF,pl Poland,26,1990,5,5,510,5.7,0,0,0,0,0,0,0,0,0,0,0,0,0
2016,Oleksandr Kucher,DF,ua Ukraine,33,1982,1,1,90,1,0,0,0,0,0,0,1,0,0,0,0,0,0
2016,Juraj Kucka,"MF,FW",sk Slovakia,28,1987,4,4,360,4,0,0,0,0,0,0,2,0,0,0,0,0,0
2016,Burim Kukeli,MF,al Albania,32,1984,2,2,163,1.8,0,0,0,0,0,0,2,0,0,0,0,0,0
2016,David Lafata,FW,cz Czechia,34,1981,2,1,81,0.9,0,0,0,0,0,0,0,0,0,0,0,0,0
2016,Kyle Lafferty,FW,nir Northern Ireland,28,1987,3,2,212,2.4,0,0,0,0,0,0,0,0,0,0,0,0,0
2016,Adam Lallana,FW,eng England,27,1988,3,3,222,2.5,0,0,0,0,0,0,0,0,0,0,0,0,0
2016,Ádám Lang,DF,hu Hungary,23,1993,4,4,360,4,0,0,0,0,0,0,1,0,0,0,0,0,0
2016,Michael Lang,"DF,MF",ch Switzerland,24,1991,2,0,13,0.1,0,0,0,0,0,0,0,0,0,0,0,0,0
2016,Sebastian Larsson,MF,se Sweden,30,1985,3,3,248,2.8,0,0,0,0,0,0,0,0,0,0,0,0,0
2016,Joe Ledley,MF,wls Wales,29,1987,6,5,359,4,0,0,0,0,0,0,0,0,0,0,0,0,0
2016,Ermir Lenjani,"MF,FW",al Albania,26,1989,3,3,256,2.8,0,0,0,0,0,0,0,0,0,0,0,0,0
2016,Robert Lewandowski,FW,pl Poland,27,1988,5,5,510,5.7,1,0,1,1,0,0,0,0,0.18,0,0.18,0.18,0.18
2016,Oscar Lewicki,MF,se Sweden,23,1992,2,1,97,1.1,0,0,0,0,0,0,0,0,0,0,0,0,0
2016,Stephan Lichtsteiner,DF,ch Switzerland,32,1984,4,4,390,4.3,0,0,0,0,0,0,0,0,0,0,0,0,0
2016,Andi Lila,MF,al Albania,29,1986,2,2,159,1.8,0,0,0,0,0,0,0,0,0,0,0,0,0
2016,David Limberský,DF,cz Czechia,32,1983,2,2,180,2,0,0,0,0,0,0,1,0,0,0,0,0,0
2016,Victor Lindelöf,DF,se Sweden,21,1994,3,3,270,3,0,0,0,0,0,0,1,0,0,0,0,0,0
2016,Hugo Lloris,GK,fr France,29,1986,7,7,660,7.3,0,0,0,0,0,0,0,0,0,0,0,0,0
2016,Shane Long,FW,ie Rep. of Ireland,29,1987,4,4,347,3.9,0,0,0,0,0,0,2,0,0,0,0,0,0
2016,Gerg? Lovrencsics,MF,hu Hungary,27,1988,2,2,172,1.9,0,0,0,0,0,0,0,0,0,0,0,0,0
2016,Jordan Lukaku,DF,be Belgium,21,1994,1,1,74,0.8,0,0,0,0,0,0,0,0,0,0,0,0,0
2016,Romelu Lukaku,FW,be Belgium,22,1993,5,5,397,4.4,2,0,2,2,0,0,0,0,0.45,0,0.45,0.45,0.45
2016,Mikael Lustig,DF,se Sweden,29,1986,1,1,44,0.5,0,0,0,0,0,0,0,0,0,0,0,0,0
2016,Krzysztof M?czy?ski,MF,pl Poland,28,1987,4,4,350,3.9,0,0,0,0,0,0,1,0,0,0,0,0,0
2016,Josh Magennis,"DF,FW",nir Northern Ireland,25,1990,3,0,35,0.4,0,0,0,0,0,0,0,0,0,0,0,0,0
2016,Róbert Mak,MF,sk Slovakia,24,1991,3,3,258,2.9,0,1,1,0,0,0,1,0,0,0.35,0.35,0,0.35
2016,Yunus Mall?,"FW,MF",tr Türkiye,23,1992,1,0,21,0.2,0,0,0,0,0,0,0,0,0,0,0,0,0
2016,Pavel Mamayev,MF,ru Russia,27,1988,3,1,141,1.6,0,0,0,0,0,0,1,0,0,0,0,0,0
2016,Mario Mandžuki?,FW,hr Croatia,29,1986,3,3,266,3,0,0,0,0,0,0,0,0,0,0,0,0,0
2016,Eliaquim Mangala,DF,fr France,24,1991,1,0,19,0.2,0,0,0,0,0,0,0,0,0,0,0,0,0
2016,Birkir Már Sævarsson,DF,is Iceland,31,1984,5,5,450,5,0,0,0,0,0,0,1,0,0,0,0,0,0
2016,João Mário,MF,pt Portugal,23,1993,7,6,560,6.2,0,1,1,0,0,0,1,0,0,0.16,0.16,0,0.16
2016,Anthony Martial,MF,fr France,20,1995,3,1,70,0.8,0,0,0,0,0,0,0,0,0,0,0,0,0
2016,Alexandru M??el,DF,ro Romania,26,1989,1,1,90,1,0,0,0,0,0,0,1,0,0,0,0,0,0
2016,Blaise Matuidi,MF,fr France,28,1987,7,6,584,6.5,0,1,1,0,0,0,1,0,0,0.15,0.15,0,0.15
2016,Mërgim Mavraj,DF,al Albania,29,1986,3,3,270,3,0,0,0,0,0,0,1,0,0,0,0,0,0
2016,Gareth McAuley,DF,nir Northern Ireland,36,1979,4,4,353,3.9,1,0,1,1,0,0,0,0,0.25,0,0.25,0.25,0.25
2016,James McCarthy,MF,ie Rep. of Ireland,25,1990,4,4,292,3.2,0,0,0,0,0,0,1,0,0,0,0,0,0
2016,James McClean,MF,ie Rep. of Ireland,26,1989,4,2,213,2.4,0,0,0,0,0,0,0,0,0,0,0,0,0
2016,Aiden McGeady,"FW,MF",ie Rep. of Ireland,29,1986,3,0,47,0.5,0,0,0,0,0,0,0,0,0,0,0,0,0
2016,Niall McGinn,"FW,MF",nir Northern Ireland,28,1987,3,0,41,0.5,1,0,1,1,0,0,0,0,2.2,0,2.2,2.2,2.2
2016,Michael McGovern,GK,nir Northern Ireland,31,1984,4,4,360,4,0,0,0,0,0,0,0,0,0,0,0,0,0
2016,Conor McLaughlin,DF,nir Northern Ireland,24,1991,1,1,90,1,0,0,0,0,0,0,0,0,0,0,0,0,0
2016,Paddy McNair,MF,nir Northern Ireland,20,1995,2,1,46,0.5,0,0,0,0,0,0,0,0,0,0,0,0,0
2016,Admir Mehmedi,MF,ch Switzerland,24,1991,4,4,305,3.4,1,0,1,1,0,0,0,0,0.3,0,0.3,0.3,0.3
2016,Ledian Memushaj,MF,al Albania,29,1986,2,2,180,2,0,1,1,0,0,0,1,0,0,0.5,0.5,0,0.5
2016,Dries Mertens,FW,be Belgium,28,1987,5,1,162,1.8,0,0,0,0,0,0,0,0,0,0,0,0,0
2016,Thomas Meunier,DF,be Belgium,24,1991,4,4,360,4,0,1,1,0,0,0,1,0,0,0.25,0.25,0,0.25
2016,Arkadiusz Milik,"FW,MF",pl Poland,21,1994,5,5,509,5.7,1,1,2,1,0,0,0,0,0.18,0.18,0.35,0.18,0.35
2016,James Milner,"DF,MF",eng England,30,1986,1,0,4,0,0,0,0,0,0,0,0,0,0,0,0,0,0
2016,Luka Modri?,MF,hr Croatia,30,1985,3,3,270,3,1,0,1,1,0,0,0,0,0.33,0,0.33,0.33,0.33
2016,Emre Mor,MF,tr Türkiye,18,1997,2,1,90,1,0,1,1,0,0,0,0,0,0,1,1,0,1
2016,Álvaro Morata,FW,es Spain,23,1992,4,4,286,3.2,3,0,3,3,0,0,0,0,0.94,0,0.94,0.94,0.94
2016,Thiago Motta,MF,it Italy,33,1982,4,1,158,1.8,0,0,0,0,0,0,2,0,0,0,0,0,0
2016,João Moutinho,MF,pt Portugal,29,1986,6,3,320,3.6,0,1,1,0,0,0,0,0,0,0.28,0.28,0,0.28
2016,Thomas Müller,"MF,FW",de Germany,26,1989,6,6,570,6.3,0,1,1,0,0,0,0,0,0,0.16,0.16,0,0.16
2016,Daryl Murphy,"MF,FW",ie Rep. of Ireland,32,1983,2,2,134,1.5,0,0,0,0,0,0,0,0,0,0,0,0,0
2016,Shkodran Mustafi,DF,de Germany,23,1992,2,1,120,1.3,1,0,1,1,0,0,0,0,0.75,0,0.75,0.75,0.75
2016,Ádám Nagy,MF,hu Hungary,20,1995,3,3,270,3,0,0,0,0,0,0,1,0,0,0,0,0,0
2016,Radja Nainggolan,MF,be Belgium,27,1988,5,4,365,4.1,2,1,3,2,0,0,0,0,0.49,0.25,0.74,0.49,0.74
2016,Nani,"FW,MF",pt Portugal,29,1986,7,7,703,7.8,3,1,4,3,0,0,0,0,0.38,0.13,0.51,0.38,0.51
2016,Tomáš Necid,FW,cz Czechia,26,1989,3,2,169,1.9,1,0,1,0,1,1,0,0,0.53,0,0.53,0,0
2016,Adam Nemec,FW,sk Slovakia,30,1985,2,0,56,0.6,0,0,0,0,0,0,0,0,0,0,0,0,0
2016,Krisztián Németh,MF,hu Hungary,27,1989,2,1,108,1.2,0,0,0,0,0,0,1,0,0,0,0,0,0
2016,Manuel Neuer,GK,de Germany,29,1986,6,6,570,6.3,0,0,0,0,0,0,0,0,0,0,0,0,0
2016,Roman Neustädter,MF,ru Russia,27,1988,2,2,124,1.4,0,0,0,0,0,0,0,0,0,0,0,0,0
2016,Nemanja Nikoli?,FW,hu Hungary,28,1987,2,0,40,0.4,0,0,0,0,0,0,0,0,0,0,0,0,0
2016,Nolito,"FW,MF",es Spain,29,1986,4,4,275,3.1,1,1,2,1,0,0,1,0,0.33,0.33,0.65,0.33,0.65
2016,Oliver Norwood,MF,nir Northern Ireland,24,1991,4,4,348,3.9,0,1,1,0,0,0,0,0,0,0.26,0.26,0,0.26
2016,John O'Shea,DF,ie Rep. of Ireland,34,1981,3,2,203,2.3,0,0,0,0,0,0,0,0,0,0,0,0,0
2016,Angelo Ogbonna,DF,it Italy,27,1988,1,1,90,1,0,0,0,0,0,0,0,0,0,0,0,0,0
2016,Rubin Okotie,FW,at Austria,28,1987,1,0,26,0.3,0,0,0,0,0,0,0,0,0,0,0,0,0
2016,Martin Olsson,DF,se Sweden,27,1988,3,3,270,3,0,0,0,0,0,0,1,0,0,0,0,0,0
2016,Divock Origi,"FW,MF",be Belgium,20,1995,2,0,19,0.2,0,0,0,0,0,0,0,0,0,0,0,0,0
2016,Mesut Özil,MF,de Germany,27,1988,6,6,570,6.3,1,1,2,1,0,1,2,0,0.16,0.16,0.32,0.16,0.32
2016,O?uzhan Özyakup,MF,tr Türkiye,23,1992,3,2,136,1.5,0,0,0,0,0,0,0,0,0,0,0,0,0
2016,Marco Parolo,MF,it Italy,31,1985,4,4,390,4.3,0,0,0,0,0,0,1,0,0,0,0,0,0
2016,Rui Patrício,GK,pt Portugal,27,1988,7,7,720,8,0,0,0,0,0,0,1,0,0,0,0,0,0
2016,David Pavelka,MF,cz Czechia,24,1991,2,1,59,0.7,0,0,0,0,0,0,1,0,0,0,0,0,0
2016,Dimitri Payet,"MF,FW",fr France,28,1987,7,6,503,5.6,3,2,5,3,0,0,0,0,0.54,0.36,0.89,0.54,0.89
2016,Micha? Pazdan,DF,pl Poland,28,1987,5,5,510,5.7,0,0,0,0,0,0,1,0,0,0,0,0,0
2016,Viktor Pe?ovský,MF,sk Slovakia,32,1983,2,2,156,1.7,0,0,0,0,0,0,1,0,0,0,0,0,0
2016,Pedro,"FW,MF",es Spain,28,1987,2,0,19,0.2,0,0,0,0,0,0,0,0,0,0,0,0,0
2016,Peter Pekarík,DF,sk Slovakia,29,1986,4,4,360,4,0,0,0,0,0,0,0,0,0,0,0,0,0
2016,Graziano Pellè,FW,it Italy,30,1985,4,4,358,4,2,0,2,2,0,0,2,0,0.5,0,0.5,0.5,0.5
2016,Pepe,DF,pt Portugal,32,1983,6,6,630,7,0,0,0,0,0,0,1,0,0,0,0,0,0
2016,Danilo Pereira,MF,pt Portugal,24,1991,5,2,234,2.6,0,0,0,0,0,0,0,0,0,0,0,0,0
2016,Ivan Periši?,MF,hr Croatia,26,1989,4,4,385,4.3,2,1,3,2,0,0,1,0,0.47,0.23,0.7,0.47,0.7
2016,S?awomir Peszko,MF,pl Poland,30,1985,3,0,24,0.3,0,0,0,0,0,0,1,0,0,0,0,0,0
2016,Ádám Pintér,MF,hu Hungary,27,1988,3,2,166,1.8,0,0,0,0,0,0,0,0,0,0,0,0,0
2016,Mihai Pintilii,MF,ro Romania,31,1984,2,2,135,1.5,0,0,0,0,0,0,0,0,0,0,0,0,0
2016,Gerard Piqué,DF,es Spain,28,1987,4,4,360,4,1,0,1,1,0,0,0,0,0.25,0,0.25,0.25,0.25
2016,?ukasz Piszczek,DF,pl Poland,30,1985,4,4,420,4.7,0,0,0,0,0,0,1,0,0,0,0,0,0
2016,Marko Pjaca,MF,hr Croatia,20,1995,3,1,101,1.1,0,0,0,0,0,0,0,0,0,0,0,0,0
2016,Jaroslav Plašil,MF,cz Czechia,34,1982,3,3,264,2.9,0,0,0,0,0,0,1,0,0,0,0,0,0
2016,Lukas Podolski,"FW,MF",de Germany,30,1985,1,0,19,0.2,0,0,0,0,0,0,0,0,0,0,0,0,0
2016,Paul Pogba,MF,fr France,22,1993,7,6,601,6.7,1,0,1,1,0,0,1,0,0.15,0,0.15,0.15,0.15
2016,Adrian Popa,"MF,FW",ro Romania,27,1988,2,2,148,1.6,0,0,0,0,0,0,1,0,0,0,0,0,0
2016,Andrei Prepeli??,MF,ro Romania,30,1985,2,2,135,1.5,0,0,0,0,0,0,1,0,0,0,0,0,0
2016,Tamás Priskin,FW,hu Hungary,29,1986,2,1,88,1,0,1,1,0,0,0,0,0,0,1.02,1.02,0,1.02
2016,Sebastian Prödl,DF,at Austria,28,1987,2,2,135,1.5,0,0,0,0,0,0,0,0,0,0,0,0,0
2016,Daniel Pudil,DF,cz Czechia,30,1985,1,1,90,1,0,0,0,0,0,0,0,0,0,0,0,0,0
2016,Andriy Pyatov,GK,ua Ukraine,31,1984,3,3,270,3,0,0,0,0,0,0,0,0,0,0,0,0,0
2016,Ricardo Quaresma,MF,pt Portugal,32,1983,7,1,291,3.2,1,1,2,1,0,0,1,0,0.31,0.31,0.62,0.31,0.62
2016,Stephen Quinn,"FW,MF",ie Rep. of Ireland,29,1986,1,0,1,0,0,0,0,0,0,0,0,0,0,0,0,0,0
2016,Ivan Rakiti?,MF,hr Croatia,27,1988,4,4,377,4.2,1,0,1,1,0,0,0,0,0.24,0,0.24,0.24,0.24
2016,Yaroslav Rakitskiy,DF,ua Ukraine,26,1989,2,2,180,2,0,0,0,0,0,0,0,0,0,0,0,0,0
2016,Adil Rami,DF,fr France,30,1985,4,4,360,4,0,1,1,0,0,0,2,0,0,0.25,0.25,0,0.25
2016,Sergio Ramos,DF,es Spain,29,1986,4,4,360,4,0,0,0,0,0,1,1,0,0,0,0,0,0
2016,Aaron Ramsey,MF,wls Wales,25,1990,5,5,446,5,1,4,5,1,0,0,2,0,0.2,0.81,1.01,0.2,1.01
2016,Darren Randolph,GK,ie Rep. of Ireland,28,1987,4,4,360,4,0,0,0,0,0,0,0,0,0,0,0,0,0
2016,Marcus Rashford,"FW,MF",eng England,18,1997,2,0,22,0.2,0,0,0,0,0,0,0,0,0,0,0,0,0
2016,R?zvan Ra?,DF,ro Romania,34,1981,2,2,150,1.7,0,0,0,0,0,0,1,0,0,0,0,0,0
2016,Jazz Richards,"DF,MF",wls Wales,24,1991,1,0,3,0,0,0,0,0,0,0,0,0,0,0,0,0,0
2016,Hal Robson-Kanu,FW,wls Wales,26,1989,5,3,268,3,2,0,2,2,0,0,0,0,0.67,0,0.67,0.67,0.67
2016,Ricardo Rodríguez,DF,ch Switzerland,23,1992,4,4,390,4.3,0,0,0,0,0,0,0,0,0,0,0,0,0
2016,Marko Rog,MF,hr Croatia,20,1995,1,1,81,0.9,0,0,0,0,0,0,1,0,0,0,0,0,0
2016,Cristiano Ronaldo,"FW,MF",pt Portugal,30,1985,7,7,624,6.9,3,3,6,3,0,1,1,0,0.43,0.43,0.87,0.43,0.87
2016,Wayne Rooney,MF,eng England,30,1985,4,3,288,3.2,1,0,1,0,1,1,0,0,0.31,0,0.31,0,0
2016,Danny Rose,DF,eng England,25,1990,3,3,270,3,0,0,0,0,0,0,0,0,0,0,0,0,0
2016,Odise Roshi,FW,al Albania,24,1991,3,1,108,1.2,0,0,0,0,0,0,0,0,0,0,0,0,0
2016,Tomáš Rosický,MF,cz Czechia,35,1980,2,2,177,2,0,1,1,0,0,0,0,0,0,0.51,0.51,0,0.51
2016,Ruslan Rotan,MF,ua Ukraine,34,1981,1,1,90,1,0,0,0,0,0,0,1,0,0,0,0,0,0
2016,Marcel Sabitzer,FW,at Austria,21,1994,3,2,193,2.1,0,0,0,0,0,0,0,0,0,0,0,0,0
2016,Armando Sadiku,FW,al Albania,24,1991,3,3,229,2.5,1,0,1,1,0,0,0,0,0.39,0,0.39,0.39,0.39
2016,Bacary Sagna,DF,fr France,32,1983,7,7,660,7.3,0,1,1,0,0,0,0,0,0,0.14,0.14,0,0.14
2016,Olcay ?ahan,"FW,MF",tr Türkiye,28,1987,2,0,51,0.6,0,0,0,0,0,0,0,0,0,0,0,0,0
2016,Nuri ?ahin,MF,tr Türkiye,27,1988,1,0,45,0.5,0,0,0,0,0,0,0,0,0,0,0,0,0
2016,Kornel Saláta,DF,sk Slovakia,31,1985,1,0,7,0.1,0,0,0,0,0,0,0,0,0,0,0,0,0
2016,Aleksandr Samedov,MF,ru Russia,31,1984,1,0,21,0.2,0,0,0,0,0,0,0,0,0,0,0,0,0
2016,Renato Sanches,"MF,FW",pt Portugal,18,1997,6,3,407,4.5,1,0,1,1,0,0,0,0,0.22,0,0.22,0.22,0.22
2016,Leroy Sané,"FW,MF",de Germany,20,1996,1,0,12,0.1,0,0,0,0,0,0,0,0,0,0,0,0,0
2016,Lucian Sânm?rtean,MF,ro Romania,35,1980,1,0,45,0.5,0,0,0,0,0,0,0,0,0,0,0,0,0
2016,Cristian S?punaru,DF,ro Romania,31,1984,3,3,270,3,0,0,0,0,0,0,1,0,0,0,0,0,0
2016,Fabian Schär,DF,ch Switzerland,24,1991,4,4,390,4.3,1,0,1,1,0,0,2,0,0.23,0,0.23,0.23,0.23
2016,Gordon Schildenfeld,DF,hr Croatia,30,1985,2,0,2,0,0,0,0,0,0,0,0,0,0,0,0,0,0
2016,Alessandro Schöpf,MF,at Austria,21,1994,3,0,84,0.9,1,0,1,1,0,0,1,0,1.07,0,1.07,1.07,1.07
2016,André Schürrle,"FW,MF",de Germany,25,1990,3,0,74,0.8,0,0,0,0,0,0,0,0,0,0,0,0,0
2016,Bastian Schweinsteiger,MF,de Germany,31,1984,5,1,221,2.5,1,0,1,1,0,0,2,0,0.41,0,0.41,0.41,0.41
2016,Haris Seferovi?,FW,ch Switzerland,23,1992,4,3,289,3.2,0,0,0,0,0,0,0,0,0,0,0,0,0
2016,Yevhen Seleznyov,FW,ua Ukraine,30,1985,2,1,95,1.1,0,0,0,0,0,0,1,0,0,0,0,0,0
2016,Volkan ?en,MF,tr Türkiye,28,1987,2,1,105,1.2,0,0,0,0,0,0,1,0,0,0,0,0,0
2016,Stanislav Šesták,"FW,MF",sk Slovakia,33,1982,1,0,27,0.3,0,0,0,0,0,0,0,0,0,0,0,0,0
2016,Stephan El Shaarawy,"DF,FW",it Italy,23,1992,1,0,9,0.1,0,0,0,0,0,0,0,0,0,0,0,0,0
2016,Xherdan Shaqiri,MF,ch Switzerland,24,1991,4,4,375,4.2,1,1,2,1,0,0,0,0,0.24,0.24,0.48,0.24,0.48
2016,Oleg Shatov,MF,ru Russia,25,1990,2,2,180,2,0,1,1,0,0,0,0,0,0,0.5,0.5,0,0.5
2016,Georgi Shchennikov,DF,ru Russia,24,1991,2,2,180,2,0,1,1,0,0,0,1,0,0,0.5,0.5,0,0.5
2016,Vyacheslav Shevchuk,DF,ua Ukraine,36,1979,2,2,180,2,0,0,0,0,0,0,0,0,0,0,0,0,0
2016,Roman Shirokov,MF,ru Russia,34,1981,3,1,81,0.9,0,0,0,0,0,0,0,0,0,0,0,0,0
2016,Gylfi Sigurðsson,MF,is Iceland,26,1989,5,5,450,5,1,1,2,0,1,1,1,0,0.2,0.2,0.4,0,0.2
2016,Ragnar Sigurðsson,DF,is Iceland,29,1986,5,5,450,5,1,0,1,1,0,0,0,0,0.2,0,0.2,0.2,0.2
2016,Kolbeinn Sigþórsson,FW,is Iceland,25,1990,5,5,400,4.4,2,0,2,2,0,0,1,0,0.45,0,0.45,0.45,0.45
2016,Adrien Silva,MF,pt Portugal,26,1989,4,4,322,3.6,0,0,0,0,0,0,1,0,0,0,0,0,0
2016,David Silva,"FW,MF",es Spain,30,1986,4,4,333,3.7,0,0,0,0,0,0,1,0,0,0,0,0,0
2016,Rafa Silva,"FW,MF",pt Portugal,22,1993,1,0,2,0,0,0,0,0,0,0,0,0,0,0,0,0,0
2016,Salvatore Sirigu,GK,it Italy,29,1987,1,1,90,1,0,0,0,0,0,0,1,0,0,0,0,0,0
2016,Moussa Sissoko,MF,fr France,26,1989,6,4,381,4.2,0,0,0,0,0,0,0,0,0,0,0,0,0
2016,Tomáš Sivok,DF,cz Czechia,32,1983,3,3,270,3,0,0,0,0,0,0,1,0,0,0,0,0,0
2016,Ji?í Skalák,MF,cz Czechia,23,1992,1,1,66,0.7,0,0,0,0,0,0,0,0,0,0,0,0,0
2016,Milan Škoda,"FW,MF",cz Czechia,30,1986,2,0,59,0.7,1,0,1,1,0,0,0,0,1.53,0,1.53,1.53,1.53
2016,Milan Škriniar,MF,sk Slovakia,20,1995,2,1,103,1.1,0,0,0,0,0,0,0,0,0,0,0,0,0
2016,Martin Škrtel,DF,sk Slovakia,31,1984,4,4,360,4,0,0,0,0,0,0,2,0,0,0,0,0,0
2016,Chris Smalling,DF,eng England,26,1989,4,4,360,4,0,0,0,0,0,0,0,0,0,0,0,0,0
2016,Igor Smolnikov,DF,ru Russia,27,1988,3,3,270,3,0,0,0,0,0,0,0,0,0,0,0,0,0
2016,Fyodor Smolov,MF,ru Russia,25,1990,3,3,243,2.7,0,0,0,0,0,0,0,0,0,0,0,0,0
2016,Cédric Soares,DF,pt Portugal,24,1991,4,4,450,5,0,0,0,0,0,0,1,0,0,0,0,0,0
2016,Yann Sommer,GK,ch Switzerland,27,1988,4,4,390,4.3,0,0,0,0,0,0,0,0,0,0,0,0,0
2016,Bruno Soriano,MF,es Spain,31,1984,2,0,58,0.6,0,0,0,0,0,0,0,0,0,0,0,0,0
2016,Darijo Srna,DF,hr Croatia,33,1982,4,4,390,4.3,0,0,0,0,0,0,1,0,0,0,0,0,0
2016,Nicolae Stanciu,MF,ro Romania,22,1993,2,2,161,1.8,0,0,0,0,0,0,0,0,0,0,0,0,0
2016,Bogdan Stancu,"MF,FW",ro Romania,28,1987,3,3,262,2.9,2,0,2,0,2,2,0,0,0.69,0,0.69,0,0
2016,Filip Starzy?ski,MF,pl Poland,24,1991,1,0,1,0,0,0,0,0,0,0,0,0,0,0,0,0,0
2016,Taras Stepanenko,MF,ua Ukraine,26,1989,3,3,270,3,0,0,0,0,0,0,0,0,0,0,0,0,0
2016,Raheem Sterling,FW,eng England,21,1994,3,3,190,2.1,0,0,0,0,0,0,0,0,0,0,0,0,0
2016,Zoltán Stieber,FW,hu Hungary,27,1988,3,1,86,1,1,0,1,1,0,0,0,0,1.05,0,1.05,1.05,1.05
2016,Miroslav Stoch,"FW,MF",sk Slovakia,26,1989,1,0,8,0.1,0,0,0,0,0,0,0,0,0,0,0,0,0
2016,Ivan Strini?,DF,hr Croatia,28,1987,3,3,299,3.3,0,0,0,0,0,0,1,0,0,0,0,0,0
2016,Stefano Sturaro,MF,it Italy,22,1993,3,2,216,2.4,0,0,0,0,0,0,1,0,0,0,0,0,0
2016,Daniel Sturridge,FW,eng England,26,1989,3,2,210,2.3,1,0,1,1,0,0,1,0,0.43,0,0.43,0.43,0.43
2016,Danijel Subaši?,GK,hr Croatia,31,1984,4,4,390,4.3,0,0,0,0,0,0,0,0,0,0,0,0,0
2016,Josef Šural,FW,cz Czechia,25,1990,3,0,49,0.5,0,0,0,0,0,0,1,0,0,0,0,0,0
2016,Dušan Švento,DF,sk Slovakia,30,1985,3,1,143,1.6,0,0,0,0,0,0,0,0,0,0,0,0,0
2016,Serhiy Sydorchuk,MF,ua Ukraine,24,1991,2,2,165,1.8,0,0,0,0,0,0,1,0,0,0,0,0,0
2016,Ádám Szalai,FW,hu Hungary,28,1987,4,3,235,2.6,1,0,1,1,0,0,1,0,0.38,0,0.38,0.38,0.38
2016,Wojciech Szcz?sny,GK,pl Poland,25,1990,1,1,90,1,0,0,0,0,0,0,0,0,0,0,0,0,0
2016,Shani Tarashaj,"FW,MF",ch Switzerland,20,1995,1,0,1,0,0,0,0,0,0,0,0,0,0,0,0,0,0
2016,Ciprian T?t?ru?anu,GK,ro Romania,29,1986,3,3,270,3,0,0,0,0,0,0,0,0,0,0,0,0,0
2016,Neil Taylor,"MF,DF",wls Wales,26,1989,6,6,540,6,1,0,1,1,0,0,1,0,0.17,0,0.17,0.17,0.17
2016,Mehmet Topal,DF,tr Türkiye,29,1986,3,3,270,3,0,1,1,0,0,0,0,0,0,0.33,0.33,0,0.33
2016,Gabriel Torje,MF,ro Romania,26,1989,3,1,133,1.5,0,0,0,0,0,0,1,0,0,0,0,0,0
2016,Cenk Tosun,FW,tr Türkiye,24,1991,2,1,69,0.8,0,0,0,0,0,0,1,0,0,0,0,0,0
2016,Ozan Tufan,MF,tr Türkiye,20,1995,3,3,270,3,1,0,1,1,0,0,1,0,0.33,0,0.33,0.33,0.33
2016,Arda Turan,"FW,MF",tr Türkiye,29,1987,3,3,244,2.7,0,0,0,0,0,0,0,0,0,0,0,0,0
2016,Anatoliy Tymoshchuk,"DF,MF",ua Ukraine,36,1979,1,0,1,0,0,0,0,0,0,0,0,0,0,0,0,0,0
2016,Samuel Umtiti,DF,fr France,22,1993,3,3,300,3.3,0,0,0,0,0,0,2,0,0,0,0,0,0
2016,Jamie Vardy,FW,eng England,29,1987,3,1,166,1.8,1,0,1,1,0,0,0,0,0.54,0,0.54,0.54,0.54
2016,Lucas Vázquez,"DF,FW",es Spain,24,1991,1,0,21,0.2,0,0,0,0,0,0,0,0,0,0,0,0,0
2016,Thomas Vermaelen,DF,be Belgium,30,1985,4,4,360,4,0,0,0,0,0,0,2,0,0,0,0,0,0
2016,Jan Vertonghen,DF,be Belgium,28,1987,4,4,360,4,0,0,0,0,0,0,1,0,0,0,0,0,0
2016,Freddie Veseli,DF,al Albania,23,1992,1,0,6,0.1,0,0,0,0,0,0,0,0,0,0,0,0,0
2016,Domagoj Vida,DF,hr Croatia,26,1989,3,3,300,3.3,0,0,0,0,0,0,1,0,0,0,0,0,0
2016,Vieirinha,DF,pt Portugal,30,1986,3,3,270,3,0,0,0,0,0,0,0,0,0,0,0,0,0
2016,Sam Vokes,FW,wls Wales,26,1989,4,2,188,2.1,1,0,1,1,0,0,1,0,0.48,0,0.48,0.48,0.48
2016,Šime Vrsaljko,DF,hr Croatia,24,1992,2,1,91,1,0,0,0,0,0,0,1,0,0,0,0,0,0
2016,Kyle Walker,DF,eng England,25,1990,3,3,270,3,0,0,0,0,0,0,0,0,0,0,0,0,0
2016,Jonathan Walters,FW,ie Rep. of Ireland,32,1983,2,1,88,1,0,0,0,0,0,0,0,0,0,0,0,0,0
2016,Danny Ward,GK,wls Wales,22,1993,1,1,90,1,0,0,0,0,0,0,0,0,0,0,0,0,0
2016,Jamie Ward,MF,nir Northern Ireland,29,1986,4,3,220,2.4,0,0,0,0,0,0,1,0,0,0,0,0,0
2016,Stephen Ward,DF,ie Rep. of Ireland,30,1985,3,3,270,3,0,0,0,0,0,0,1,0,0,0,0,0,0
2016,Conor Washington,FW,nir Northern Ireland,23,1992,4,2,188,2.1,0,0,0,0,0,0,0,0,0,0,0,0,0
2016,Vladimír Weiss,"MF,FW",sk Slovakia,26,1989,4,4,278,3.1,1,1,2,1,0,0,1,0,0.32,0.32,0.65,0.32,0.65
2016,Glenn Whelan,MF,ie Rep. of Ireland,32,1984,2,2,180,2,0,0,0,0,0,0,1,0,0,0,0,0,0
2016,Ashley Williams,DF,wls Wales,31,1984,6,6,540,6,1,0,1,1,0,0,0,0,0.17,0,0.17,0.17,0.17
2016,Jonny Williams,FW,wls Wales,22,1993,4,1,142,1.6,0,0,0,0,0,0,0,0,0,0,0,0,0
2016,Jack Wilshere,MF,eng England,24,1992,3,1,113,1.3,0,0,0,0,0,0,0,0,0,0,0,0,0
2016,Kevin Wimmer,DF,at Austria,23,1992,1,0,4,0,0,0,0,0,0,0,0,0,0,0,0,0,0
2016,Axel Witsel,MF,be Belgium,27,1989,5,5,450,5,1,0,1,1,0,0,1,0,0.2,0,0.2,0.2,0.2
2016,Granit Xhaka,MF,ch Switzerland,23,1992,4,4,390,4.3,0,0,0,0,0,0,1,0,0,0,0,0,0
2016,Taulant Xhaka,MF,al Albania,24,1991,2,1,78,0.9,0,0,0,0,0,0,0,0,0,0,0,0,0
2016,Andriy Yarmolenko,MF,ua Ukraine,26,1989,3,3,270,3,0,0,0,0,0,0,0,0,0,0,0,0,0
2016,Burak Y?lmaz,FW,tr Türkiye,30,1985,3,2,205,2.3,1,0,1,1,0,0,1,0,0.44,0,0.44,0.44,0.44
2016,Simone Zaza,FW,it Italy,24,1991,3,1,123,1.4,0,1,1,0,0,0,1,0,0,0.73,0.73,0,0.73
2016,Erkan Zengin,MF,se Sweden,30,1985,1,0,9,0.1,0,0,0,0,0,0,0,0,0,0,0,0,0
2016,Piotr Zieli?ski,MF,pl Poland,21,1994,1,1,45,0.5,0,0,0,0,0,0,0,0,0,0,0,0,0
2016,Oleksandr Zinchenko,MF,ua Ukraine,19,1996,3,1,98,1.1,0,0,0,0,0,0,0,0,0,0,0,0,0
2016,Roman Zozulya,FW,ua Ukraine,26,1989,3,2,174,1.9,0,0,0,0,0,0,0,0,0,0,0,0,0
2016,Hannes Þór Halldórsson,GK,is Iceland,31,1984,5,5,450,5,0,0,0,0,0,0,1,0,0,0,0,0,0
